pair_id,n,Speaking,new_feat,new_sounds,AaA,LoR,Edu.day,Enroll,prop_female,C,L1_code,L2_code,featural_dist,script_dist,geographic_dist,genetic_dist,syntactic_dist,morphological_dist,phonological_dist,inventory_dist,z_featural_dist,z_script_dist,z_geographic_dist,z_genetic_dist,z_syntactic_dist,z_morphological_dist,z_phonological_dist,z_inventory_dist
afri1274__stan1293,277,545.476534296029,,,28.5884476534296,2.64259927797834,3.24548736462094,90.3032490974729,0.696750902527076,SouthAfrica,afri1274,stan1293,0.5915,0.4161,0.3303,0.6638,0.6176,0.6902,0.3881,0.4922,0.483060467299114,1.16556907436714,2.04343599199002,-1.01150452706202,0.50532490171062,0.35628210000905,0.645249657672237,0.0235260749825228
afri1274__stan1295,2,540.5,,,33,2.5,3.5,56,0.5,Afghanistan,afri1274,stan1295,0.5261,0.3776,0.3044,0.439,0.5804,0.5848,0.3789,0.3574,-0.350733319340471,0.918572220909388,1.79900026249353,-2.24348404401887,0.100235809843294,-0.653897431544735,0.544316141083808,-1.80991339880031
afri1274__russ1263,1,524,,,20,4,2,19,1,Afghanistan,afri1274,russ1263,0.617,0.5,0.3456,0.879,0.6566,0.656,0.432,0.4858,0.808163549245741,1.70382974982443,2.18783238817907,0.167863764971405,0.9300150786683,0.0285008857857158,1.12687806834963,-0.063521496473042
afri1274__stan1290,13,506.076923076923,,,28.1538461538462,4.07692307692308,3.15384615384615,27.2307692307692,0.0769230769230769,Rwanda,afri1274,stan1290,0.5798,0.3776,0.3116,0.9304,0.6426,0.6326,0.3789,0.4069,0.33389552381772,0.918572220909388,1.86695150775896,0.449553031748905,0.777562194632209,-0.19577047131446,0.544316141083808,-1.13665483832367
afri1274__afri1274,1,526,,,32,3,4,93,1,SouthAfrica,afri1274,afri1274,0,0,0,0,0,0,0,0,-7.05805611981579,-1.50392159378278,-1.0738273845618,-4.64935151707962,-6.22002518262434,-6.25876450984315,-3.61260879754184,-6.67097621727199
afri1274__dutc1256,1,617,,,23,11,4,93,1,SouthAfrica,afri1274,dutc1256,0.5513,0.3776,0.3215,0.4544,0.6025,0.6185,0.3789,0.3988,-0.0294549795343921,0.918572220909388,1.96038446999894,-2.15908687070421,0.34089357678598,-0.330908340336361,0.544316141083808,-1.24682442094712
alba1267__stan1293,139,514.26618705036,11,21,25.0791366906475,3.49640287769784,3.12230215827338,81.7553956834533,0.482014388489209,Albania,alba1267,stan1293,0.5618,0.1789,0.0811,0.7837,0.5887,0.6564,0.3141,0.4961,0.104410995384807,-0.356188163040118,-0.308432108030305,-0.354412249112171,0.190618591093262,0.0323345841976841,-0.166606888799914,0.0765706888382569
alba1267__stan1295,16,512.75,11,21,22.5625,4.125,2.875,88.375,0.25,Yugoslavia,alba1267,stan1295,0.4458,0.2566,0.0385,0.7323,0.4384,0.3871,0.3931,0.4904,-1.37448929896063,0.142296395756443,-0.710476975850794,-0.636101515889671,-1.44607201395134,-2.54870287166033,0.700104829731166,-0.000956054489355049
alba1267__croa1245,16,493.1875,11,21,27.625,4.5625,3.3125,85,0.375,Yugoslavia,alba1267,croa1245,0.4324,0.2566,0.0177,0.7532,0.43,0.5792,0.319,0.348,-1.54532778123847,0.142296395756443,-0.906780573284272,-0.521562494962633,-1.53754374437299,-0.707569209312298,-0.112848820182163,-1.93776451937567
alba1267__mode1248,8,522.125,11,21,23.875,2.875,2.75,78,0.625,Albania,alba1267,mode1248,0.443,0.2566,0.0154,0.7048,0.413,0.5216,0.2566,0.4603,-1.41018689227242,0.142296395756443,-0.928487221077397,-0.786810753951563,-1.72266510355967,-1.25962178063581,-0.797441367477598,-0.410351663991307
alba1267__stan1290,7,495.714285714286,11,21,28.2857142857143,2.28571428571429,2.85714285714286,81,0.714285714285714,Albania,alba1267,stan1290,0.4909,0.2566,0.0643,0.8136,0.4717,0.5533,0.3931,0.5086,-0.799503063831501,0.142296395756443,-0.466985013649653,-0.190550204819423,-1.08345193977978,-0.955801181487279,0.700104829731166,0.246585476837407
alba1267__ital1282,22,508,11,21,24.5,3,2.95454545454545,78.6363636363636,0.454545454545455,Albania,alba1267,ital1282,0.4724,0.2566,0.0261,0.7837,0.4628,0.5629,0.319,0.4522,-1.03536216249866,0.142296395756443,-0.827504120474598,-0.354412249112171,-1.18036841605987,-0.863792419600028,-0.112848820182163,-0.520521246614756
alba1267__serb1264,40,511.075,11,21,27.2,4,3,85.075,0.325,Yugoslavia,alba1267,serb1264,0.4324,0.2566,0.0107,0.7532,0.43,0.5792,0.319,0.348,-1.54532778123847,0.142296395756443,-0.972844283959,-0.521562494962633,-1.53754374437299,-0.707569209312298,-0.112848820182163,-1.93776451937567
alba1267__nucl1301,2,495,11,21,23,2,2.5,95.5,0.5,Albania,alba1267,nucl1301,0.5107,0.2566,0.0446,1,0.6046,0.4359,0.2566,0.443,-0.547070082555296,0.142296395756443,-0.652907170834245,0.83098441244373,0.363761509391393,-2.08099166540013,-0.797441367477598,-0.64565213058213
alba1267__dutc1256,3,537,11,21,24,3.33333333333333,3,80.3333333333333,0.666666666666667,Albania,alba1267,dutc1256,0.5256,0.2566,0.0648,0.7837,0.5478,0.5745,0.3931,0.5027,-0.357107889574719,0.142296395756443,-0.462266177172886,-0.354412249112171,-0.25476162012646,-0.752615165652932,0.700104829731166,0.166338496901809
alba1267__alba1267,3,499.333333333333,11,21,25.6666666666667,3.66666666666667,2.66666666666667,82.6666666666667,0.666666666666667,Yugoslavia,alba1267,alba1267,0,0,0,0,0,0,0,0,-7.05805611981579,-1.50392159378278,-1.0738273845618,-4.64935151707962,-6.22002518262434,-6.25876450984315,-3.61260879754184,-6.67097621727199
alba1267__russ1263,1,491,11,21,22,4,3,85,0,Yugoslavia,alba1267,russ1263,0.5049,0.4259,0.1597,0.6667,0.5073,0.5541,0.3695,0.4706,-0.621015097272568,1.22844100070185,0.433368986117359,-0.995611552866403,-0.695786034659435,-0.948133784663342,0.441188417613021,-0.270259478680008
alba1267__port1283,1,505,11,21,22,3,3,78,0,Albania,alba1267,port1283,0.4414,0.2566,0.0824,0.805,0.403,0.5629,0.3695,0.4409,-1.43058551702201,0.142296395756443,-0.296163133190712,-0.237681093813323,-1.83156002072831,-0.863792419600028,0.441188417613021,-0.674214614965987
amha1245__stan1293,128,489.2734375,18,19,25.015625,4.953125,3.1875,25.671875,0.328125,Ethiopia,amha1245,stan1293,0.6184,0.5933,0.2286,1,0.6721,0.6894,0.3729,0.492,0.826012345901634,2.30239615054154,1.08362465261576,0.83098441244373,1.09880220027969,0.348614703185112,0.478489934613093,0.020805838374536
amha1245__stan1288,3,514.333333333333,18,19,26.6666666666667,11.6666666666667,4,25,0,Ethiopia,amha1245,stan1288,0.5435,0.572,0.2018,1,0.6077,0.5382,0.3862,0.4554,-0.128898275188655,2.16574594330387,0.830695017461082,0.83098441244373,0.39751893371367,-1.1005232965391,0.624404692289844,-0.476997460886974
amha1245__russ1263,3,507,18,19,26.3333333333333,4.66666666666667,3,23,0.333333333333333,Ethiopia,amha1245,russ1263,0.5733,0.6983,0.2171,1,0.617,0.6169,0.3277,0.4949,0.251026110772502,2.97602393269905,0.97509141365013,0.83098441244373,0.498791206680502,-0.346243133984237,-0.0174008207996264,0.0602492691903388
amha1245__ital1282,1,481,18,19,25,2,3,25,0,Ethiopia,amha1245,ital1282,0.5301,0.572,0.1736,1,0.548,0.6658,0.2677,0.4249,-0.29973675746649,2.16574594330387,0.564552640171462,0.83098441244373,-0.252583721783086,0.122426496878951,-0.675662885506775,-0.891833543604899
nucl1235__russ1263,375,512.568,21,23,26.3626666666667,4.94933333333333,2.62933333333333,88.3066666666667,0.690666666666667,USSR,nucl1235,russ1263,0.5034,0.2952,0.1045,0.8136,0.5346,0.5023,0.3064,0.4693,-0.640138807975312,0.38993479948292,-0.0875905609176416,-0.190550204819423,-0.398502910789059,-1.4445977290133,-0.251083853770664,-0.28794101663192
nucl1235__stan1293,74,515.378378378378,21,23,26.9594594594595,4.05405405405405,3,75.6756756756757,0.648648648648649,USSR,nucl1235,stan1293,0.621,0.2677,0.1503,0.8767,0.6576,0.7211,0.439,0.5064,0.859160111119722,0.213508475584523,0.344654860354152,0.155258992333501,0.940904570385163,0.652435302333641,1.20367530923214,0.216662874149556
nucl1235__stan1290,9,509.222222222222,21,23,27.4444444444444,6.44444444444445,2.66666666666667,83.4444444444445,0.777777777777778,Armenia,nucl1235,stan1290,0.5742,0.195,0.1415,0.8934,0.6382,0.5776,0.3445,0.5006,0.262500337194148,-0.252898569775966,0.261603338363065,0.246780602356541,0.72964843107801,-0.722904002960174,0.166912557318375,0.137776012517952
nucl1235__nucl1301,9,517.555555555556,21,23,17.3333333333333,11.5555555555556,2.66666666666667,80.2222222222222,0.333333333333333,Turkey,nucl1235,nucl1301,0.4979,0.195,0.0426,1,0.5232,0.4407,0.4034,0.4963,-0.710259080552035,-0.252898569775966,-0.67178251674131,0.83098441244373,-0.522643116361304,-2.0349872844565,0.81310648417256,0.0792909254462438
nucl1235__stan1295,7,538.571428571429,21,23,23,3.14285714285714,2.71428571428571,79.8571428571429,0.857142857142857,Turkey,nucl1235,stan1295,0.5117,0.195,0.1113,0.8485,0.5329,0.5559,0.3445,0.4819,-0.534320942086801,-0.252898569775966,-0.0234143848336198,0.000713519120942566,-0.417015046707727,-0.930882141809483,0.166912557318375,-0.116566110328777
nucl1235__serb1264,1,498,21,23,26,9,3,84,0,Russia,nucl1235,serb1264,0.5067,0.195,0.0801,0.86,0.5583,0.501,0.359,0.4263,-0.598066644429277,-0.252898569775966,-0.317869780983837,0.0637373823104609,-0.140421957099391,-1.4570572488522,0.32599255628927,-0.872791887348994
nucl1235__roma1326,5,508.2,21,23,28.8,4.2,2.8,90,0.8,USSR,nucl1235,roma1326,0.5415,0.195,0.118,0.8886,0.5782,0.5996,0.4034,0.4533,-0.154396556125645,-0.252898569775966,0.0398180239550487,0.220474989894828,0.0762789280661945,-0.512050590301888,0.81310648417256,-0.505559945270831
nucl1235__kurd1259,2,482.5,21,23,28,4,1.5,63,0.5,Iraq,nucl1235,kurd1259,0.5426,0.4196,0.0187,0.8485,0.6045,0.4813,0.4246,0.4757,-0.140372501610301,1.18802333377239,-0.89734290033074,0.000713519120942566,0.362672560219707,-1.64586689564167,1.04569241370242,-0.200893445176355
nucl1235__port1283,1,533,21,23,13,6,2,79,0,Turkey,nucl1235,port1283,0.5233,0.195,0.1635,0.8886,0.5287,0.5866,0.4034,0.4975,-0.386430912652257,-0.252898569775966,0.469232143340783,0.220474989894828,-0.462750911918555,-0.636645788690875,0.81310648417256,0.0956123450941618
nucl1235__nucl1235,3,527,21,23,22.3333333333333,6.66666666666667,2.33333333333333,81.6666666666667,1,Armenia,nucl1235,nucl1235,0,0,0,0,0,0,0,0,-7.05805611981579,-1.50392159378278,-1.0738273845618,-4.64935151707962,-6.22002518262434,-6.25876450984315,-3.61260879754184,-6.67097621727199
nucl1235__poli1260,1,507,21,23,25,2,2,88,1,Armenia,nucl1235,poli1260,0.5469,0.195,0.0983,0.8337,0.5532,0.5955,0.4034,0.5204,-0.0855511975957703,-0.252898569775966,-0.146104133229544,-0.0803954526360032,-0.195958364855396,-0.551345999024569,0.81310648417256,0.407079436708603
nucl1235__mode1248,1,505,21,23,19,2,3,88,1,Armenia,nucl1235,mode1248,0.5354,0.195,0.0698,0.8337,0.5354,0.5818,0.4034,0.5346,-0.232166312983466,-0.252898569775966,-0.415077812405223,-0.0803954526360032,-0.389791317415568,-0.682650169634501,0.81310648417256,0.600216235875637
beng1280__stan1293,39,495.102564102564,32,24,25.8461538461539,3.76923076923077,3.05128205128205,49.7179487179487,0.641025641025641,Bangladesh,beng1280,stan1293,0.615,0.6368,0.3019,0.9196,0.6748,0.6969,0.3729,0.4982,0.782665268308751,2.58147051743537,1.7754060801097,0.390365403710053,1.12820382791522,0.420496548409527,0.478489934613093,0.105133173222114
beng1280__hind1269,1,544,32,24,30,7,4,54,0,India,beng1280,hind1269,0.4552,0.3891,0.0542,0.718,0.529,0.5169,0.3729,0.3481,-1.25464737855678,0.992350501812354,-0.562305510480332,-0.714470319681855,-0.459484064403495,-1.30466773697644,0.478489934613093,-1.93640440107167
bosn1245__stan1293,44,522.272727272727,11,19,25.25,4.79545454545455,3.36363636363636,91.9772727272727,0.659090909090909,BosniaandHerzegovina,bosn1245,stan1293,0.5837,0.1864,0.0729,0.9196,0.613,0.6774,0.2677,0.5093,0.383617171644852,-0.30807189288601,-0.385821026249272,0.390365403710053,0.455233239813047,0.233603750826047,-0.675662885506775,0.256106304965359
bosn1245__stan1295,25,537.6,11,19,25.24,3.6,3.44,90.52,0.68,BosniaandHerzegovina,bosn1245,stan1295,0.5134,0,0.0311,0.9014,0.5025,0.6023,0.359,0.5062,-0.51264740329036,-1.50392159378278,-0.780315755706935,0.290623289792728,-0.748055594900381,-0.486173126021099,0.32599255628927,0.21394263754157
bosn1245__russ1263,2,544,11,19,22.5,10.5,3,88,1,BosniaandHerzegovina,bosn1245,russ1263,0.4544,0.3498,0.1647,0.6162,0.4783,0.4862,0.195,0.4214,-1.26484669093157,0.740221246204827,0.480557350885022,-1.27236851730733,-1.01158129444848,-1.59890409009505,-1.4732570872436,-0.939437684244661
bosn1245__stan1290,1,539,11,19,28,1,4,91,1,BosniaandHerzegovina,bosn1245,stan1290,0.5014,0,0.0552,0.9304,0.519,0.5245,0.359,0.483,-0.665637088912302,-1.50392159378278,-0.552867837526799,0.449553031748905,-0.568378981572131,-1.23182746714904,0.32599255628927,-0.101604808984852
bosn1245__dutc1256,1,508,11,19,25,9,2,91,0,BosniaandHerzegovina,bosn1245,dutc1256,0.507,0,0.0569,0.9196,0.507,0.6019,0.359,0.4766,-0.594241902288729,-1.50392159378278,-0.536823793505794,0.390365403710053,-0.699052882174494,-0.490006824433068,0.32599255628927,-0.188652380440416
bulg1262__stan1293,396,529.944444444445,12,21,26.5631313131313,2.92929292929293,3.40759493670886,90.1010101010101,0.866161616161616,Bulgaria,bulg1262,stan1293,0.5636,0.1864,0.0896,0.9131,0.5924,0.6236,0.2677,0.521,0.127359448228098,-0.30807189288601,-0.228211887925277,0.354743220168151,0.230909710445658,-0.282028685583759,-0.675662885506775,0.415240146532563
bulg1262__russ1263,60,522,12,21,29.9166666666667,3.86666666666667,3.1,90.0333333333333,0.916666666666667,Bulgaria,bulg1262,russ1263,0.4514,0.3498,0.145,0.5804,0.4462,0.6041,0.195,0.345,-1.30309411233706,0.740221246204827,0.294635193700429,-1.46856454358427,-1.3611339785598,-0.46892148316724,-1.4732570872436,-1.97856806849546
bulg1262__stan1288,3,503,12,21,17.3333333333333,1.33333333333333,2.33333333333333,90,0.333333333333333,Bulgaria,bulg1262,stan1288,0.4485,0,0.0891,0.9248,0.3895,0.3413,0.2871,0.5933,-1.3400666196957,-1.50392159378278,-0.232930724402044,0.418863150543574,-1.97856815890597,-2.98766133983076,-0.46282481791813,1.39860568031964
bulg1262__nucl1301,7,506.428571428572,12,21,21.7142857142857,3,3.14285714285714,90,0.857142857142857,Bulgaria,bulg1262,nucl1301,0.5369,0,0.0312,1,0.6082,0.5062,0.195,0.4912,-0.213042602280722,-1.50392159378278,-0.779371988411582,0.83098441244373,0.402963679572102,-1.40721916949661,-1.4732570872436,0.00992489194259083
bulg1262__stan1290,17,540.411764705882,12,21,29.3529411764706,2.29411764705882,3.17647058823529,90,0.882352941176471,Bulgaria,bulg1262,stan1290,0.5173,0,0.076,0.9248,0.5433,0.5849,0.359,0.4788,-0.462925755463229,-1.50392159378278,-0.356564240093321,0.418863150543574,-0.303764332852346,-0.652939006941743,0.32599255628927,-0.158729777752566
bulg1262__stan1295,39,531.615384615385,12,21,28.3076923076923,2.66666666666667,3.33333333333333,90,0.897435897435897,Bulgaria,bulg1262,stan1295,0.4683,0,0.0467,0.8934,0.4589,0.4315,0.359,0.5162,-1.08763363841949,-1.50392159378278,-0.633088057631827,0.246780602356541,-1.22283743375563,-2.12316234793179,0.32599255628927,0.349954467940889
bulg1262__mode1248,1,538,12,21,29,1,4,90,1,Bulgaria,bulg1262,mode1248,0.4771,0.2736,0.0048,0.8831,0.4591,0.5825,0.195,0.4683,-0.975441202296734,0.251359941439088,-1.02852655438484,0.19033314228245,-1.22065953541226,-0.675941197413556,-1.4732570872436,-0.301542199671852
bulg1262__bulg1262,1,518,12,21,24,5,3,90,1,Bulgaria,bulg1262,bulg1262,0,0,0,0,0,0,0,0,-7.05805611981579,-1.50392159378278,-1.0738273845618,-4.64935151707962,-6.22002518262434,-6.25876450984315,-3.61260879754184,-6.67097621727199
bulg1262__ital1282,4,512.5,12,21,26.5,2,3.25,90,1,Bulgaria,bulg1262,ital1282,0.475,0,0.0413,0.9131,0.4554,0.5565,0,0.5052,-1.00221439728057,-1.50392159378278,-0.684051491580903,0.354743220168151,-1.26095065476466,-0.925131594191529,-3.61260879754184,0.200341454501638
bulg1262__roma1326,2,480.5,12,21,30,6,3.5,90,1,Bulgaria,bulg1262,roma1326,0.491,0,0.051,0.9214,0.5044,0.6133,0.195,0.4403,-0.798228149784652,-1.50392159378278,-0.592506063931636,0.400230008383195,-0.72736556063834,-0.380746419691957,-1.4732570872436,-0.682375324789946
bulg1262__serb1264,2,508.5,12,21,23.5,7.5,3,90,0.5,Bulgaria,bulg1262,serb1264,0.4696,0,0.0113,0.5765,0.4643,0.6133,0,0.4403,-1.07105975581045,-1.50392159378278,-0.967181680186881,-1.48993785370941,-1.16403417848457,-0.380746419691957,-3.61260879754184,-0.682375324789946
bulg1262__slov1269,1,516,12,21,36,1,3,90,0,Bulgaria,bulg1262,slov1269,0.7294,0,0.031,0.631,0.7605,0.7672,0.6082,0.6478,2.2411669379046,-1.50392159378278,-0.781259523002288,-1.19125954555039,2.06143326805043,1.09426904431305,3.0599743317063,2.13987015599594
bulg1262__stan1289,1,502,12,21,27,6,4,90,1,Bulgaria,bulg1262,stan1289,0.475,0,0.0728,0.9176,0.4638,0.6045,0.195,0.4681,-1.00221439728057,-1.50392159378278,-0.386764793544625,0.379404731851006,-1.169478924343,-0.46508778475527,-1.4732570872436,-0.304262436279838
bulg1262__port1283,1,528,12,21,28,1,3,90,1,Bulgaria,bulg1262,port1283,0.4301,0,0.0972,0.9214,0.4097,0.5565,0.195,0.4276,-1.57465080431601,-1.50392159378278,-0.15648557347843,0.400230008383195,-1.75860042622532,-0.925131594191529,-1.4732570872436,-0.855110349397083
bulg1262__dutc1256,3,554.666666666667,12,21,31.3333333333333,3.33333333333333,2.33333333333333,90,0.666666666666667,Bulgaria,bulg1262,dutc1256,0.5052,0,0.0727,0.9131,0.5035,0.5739,0.359,0.5097,-0.61719035513202,-1.50392159378278,-0.387708560839979,0.354743220168151,-0.737166103183517,-0.758365713270886,0.32599255628927,0.261546778181332
bela1254__russ1263,4,512,12,22,30.75,3,3.25,88.5,0.75,USSR,bela1254,russ1263,0.4119,0.5,0.1231,0,0.4178,0.4299,0.195,0.4277,-1.80668516084262,1.70382974982443,0.087950156018065,-4.64935151707962,-1.67039554331873,-2.13849714157966,-1.4732570872436,-0.853750231093089
bela1254__stan1293,16,535.75,12,22,27.4375,3.25,3.625,94.9375,0.8125,Belarus,bela1254,stan1293,0.5928,0.4161,0.0725,0.8934,0.6227,0.6946,0.2677,0.4911,0.499634349908158,1.16556907436714,-0.389596095430685,0.246780602356541,0.560861309466625,0.398452782540707,-0.675662885506775,0.00856477363859703
bela1254__stan1295,4,544,12,22,27.5,3.5,2.5,98.25,1,Belarus,bela1254,stan1295,0.5186,0.3776,0.0433,0.8691,0.5157,0.5911,0.359,0.4879,-0.446351872854185,0.918572220909388,-0.665176145673837,0.113608439269123,-0.60431430423778,-0.593516681556226,0.32599255628927,-0.034959012089185
stan1289__stan1293,30,524.066666666667,17,19,26.1666666666667,2.6,3.16666666666667,116.9,0.766666666666667,Spain,stan1289,stan1293,0.5343,0.1864,0.0526,0.9328,0.5465,0.696,0.1864,0.4581,-0.24619036749881,-0.30807189288601,-0.577405787205984,0.462705837979761,-0.268917959358382,0.411870726982597,-1.56760798318496,-0.440274266679157
stan1289__stan1288,31,522.516129032258,17,19,24.7741935483871,2.83870967741936,3.32258064516129,118,0.806451612903226,Spain,stan1289,stan1288,0.4587,0,0.017,0.2677,0.4349,0.5698,0.3433,0.4565,-1.21002538691705,-1.50392159378278,-0.913386944351745,-3.18226558874622,-1.48418523496036,-0.797661121993566,0.153747316024232,-0.462036159543048
stan1289__stan1290,4,535.25,17,19,33,8.75,2.75,118,1,Spain,stan1289,stan1290,0.4535,0,0.0284,0.3862,0.4584,0.5127,0.4034,0.4096,-1.27632091735322,-1.50392159378278,-0.805797472681473,-2.5328457810977,-1.22828217961407,-1.34492157030211,0.81310648417256,-1.09993164411586
stan1289__roma1326,1,529,17,19,27,4,1,118,1,Spain,stan1289,roma1326,0.3666,0,0.0303,0.3433,0.364,0.4259,0.2736,0.348,-2.38422122406545,-1.50392159378278,-0.787865894069761,-2.76795219247425,-2.25625019768599,-2.17683412569935,-0.610933782477239,-1.93776451937567
stan1289__stan1295,2,584.5,17,19,28.5,3.5,3,114.5,1,Finland,stan1289,stan1295,0.4801,0,0.0426,0.9176,0.4565,0.6288,0.3064,0.4707,-0.937193780891249,-1.50392159378278,-0.67178251674131,0.379404731851006,-1.24897221387611,-0.232190606228164,-0.251083853770664,-0.268899360376015
mand1415__stan1293,725,493.746206896552,,,26.0275862068966,4.67862068965517,3.07862068965517,68.9862068965517,0.811034482758621,China,mand1415,stan1293,0.6462,0.641,0.3047,1,0.6488,0.8278,0.4878,0.5926,1.1804384509258,2.60841562872167,1.80183156437959,0.83098441244373,0.845077043276764,1.67507435372632,1.73906178852728,1.38908485219169
mand1415__stan1306,1,505,,,22,2,3,25,1,Ethiopia,mand1415,stan1306,0.5962,0,0.1742,1,0.5871,0.6969,0.4576,0.5945,0.542981427501041,-1.50392159378278,0.570215243943581,0.83098441244373,0.17319540434628,0.420496548409527,1.40773654929135,1.41492709996756
mand1415__stan1295,16,514.8125,,,28.875,2.4375,3.375,68.9375,0.8125,China,mand1415,stan1295,0.5989,0.658,0.2915,1,0.5881,0.8325,0.3931,0.5902,0.577404106765978,2.71747917440431,1.67725428139296,0.83098441244373,0.184084896063143,1.72012031006696,0.700104829731166,1.35644201289585
mand1415__stan1290,1,521,,,31,2,3,67,1,China,mand1415,stan1290,0.6561,0.658,0.3122,1,0.6868,0.86,0.4685,0.5726,1.3066549415639,2.71747917440431,1.87261411153108,0.83098441244373,1.25887772851758,1.98368707588981,1.52732082437982,1.11706119139305
mand1415__mand1415,6,488,,,25.6666666666667,7.16666666666667,3.16666666666667,69.3333333333333,0.666666666666667,Taiwan,mand1415,mand1415,0,0,0,0,0,0,0,0,-7.05805611981579,-1.50392159378278,-1.0738273845618,-4.64935151707962,-6.22002518262434,-6.25876450984315,-3.61260879754184,-6.67097621727199
mand1415__indo1316,4,482.5,,,25,10.25,2.5,64,0.75,Indonesia,mand1415,indo1316,0.5505,0.5765,0.2096,1,0.5523,0.7245,0.4576,0.5185,-0.0396542919091885,2.19461570539634,0.904308866498636,0.83098441244373,-0.205758907400573,0.685021738835377,1.40773654929135,0.381237188932733
mand1415__nucl1643,14,480.428571428571,,,29.0714285714286,4.28571428571429,3.57142857142857,67,0.857142857142857,China,mand1415,nucl1643,0.5944,0.5922,0.0714,1,0.5659,0.7675,0.5049,0.5646,0.520032974657751,2.2953390975856,-0.399977535679571,0.83098441244373,-0.0576618200512287,1.09714431812202,1.92666647696882,1.0082517270736
mand1415__stan1288,3,522.333333333333,,,25.6666666666667,3.33333333333333,3,67,1,China,mand1415,stan1288,0.6292,0.658,0.3363,1,0.5966,0.8992,0.5049,0.5941,0.963703062961382,2.71747917440431,2.10006202971122,0.83098441244373,0.276645575656484,2.35938952026276,1.92666647696882,1.40948662675159
mand1415__dutc1256,2,483,,,26,15.5,3,74.5,1,China,mand1415,dutc1256,0.6056,0.658,0.2974,1,0.6198,0.7911,0.3021,0.5837,0.662823347904896,2.71747917440431,1.7329365518188,0.83098441244373,0.52928178348772,1.32333252442819,-0.298259301741343,1.2680343231363
mand1415__nucl1301,2,508,,,18,15,2.5,67,0.5,China,mand1415,nucl1301,0.644,0.658,0.2634,1,0.6187,0.86,0.4576,0.6327,1.15239034189511,2.71747917440431,1.41205567139869,0.83098441244373,0.51730334259917,1.98368707588981,1.40773654929135,1.93449229209296
mand1415__russ1263,2,534.5,,,21.5,4,2,67,1,China,mand1415,russ1263,0.6291,0.7125,0.1449,1,0.586,0.8043,0.4576,0.6065,0.962428148914533,3.0671240708575,0.293691426405076,0.83098441244373,0.16121696345773,1.44984457202316,1.40773654929135,1.57814129644675
mand1415__poli1260,1,572,,,13,5,3,67,1,China,mand1415,poli1260,0.5982,0.658,0.2726,1,0.5671,0.7695,0.4576,0.552,0.568479708438031,2.71747917440431,1.49888226257119,0.83098441244373,-0.0445944299909914,1.11631281018187,1.40773654929135,0.836876820770454
mand1415__czec1258,1,499,,,27,6,4,67,1,China,mand1415,czec1258,0.678,0.658,0.2837,1,0.6611,0.8694,0.5049,0.6367,1.58586111782395,2.71747917440431,1.6036404323554,0.83098441244373,0.979017791394187,2.07377898857108,1.92666647696882,1.98889702425269
croa1245__stan1295,42,519.785714285714,11,19,29.0476190476191,2.85714285714286,3.35714285714286,85.9761904761905,0.619047619047619,Yugoslavia,croa1245,stan1295,0.5201,0,0.0209,0.9014,0.5157,0.6023,0.359,0.5062,-0.427228162151442,-1.50392159378278,-0.876580019832968,0.290623289792728,-0.60431430423778,-0.486173126021099,0.32599255628927,0.21394263754157
croa1245__stan1288,3,562.666666666667,11,19,25,5,4,85,1,Yugoslavia,croa1245,stan1288,0.4721,0,0.0638,0.9304,0.459,0.6119,0.2871,0.4327,-1.03918690463921,-1.50392159378278,-0.471703850126419,0.449553031748905,-1.22174848458395,-0.394164364133847,-0.46282481791813,-0.78574431589343
croa1245__stan1293,297,521.252525252525,11,19,27.2222222222222,3.63299663299663,3.4040404040404,86.7845117845118,0.67003367003367,Yugoslavia,croa1245,stan1293,0.5804,0.1864,0.0639,0.9196,0.6067,0.6774,0.2677,0.5093,0.341545008098818,-0.30807189288601,-0.470760082831066,0.390365403710053,0.386629441996807,0.233603750826047,-0.675662885506775,0.256106304965359
croa1245__russ1263,21,496.476190476191,11,19,32.3333333333333,3.71428571428571,3.38095238095238,85.4761904761905,0.666666666666667,Yugoslavia,croa1245,russ1263,0.4507,0.3498,0.1612,0.6162,0.4693,0.4862,0.195,0.4214,-1.31201851066501,0.740221246204827,0.447525495547658,-1.27236851730733,-1.10958671990025,-1.59890409009505,-1.4732570872436,-0.939437684244661
croa1245__ital1282,11,512.363636363636,11,19,33.1818181818182,4,3.36363636363636,87.2727272727273,0.818181818181818,Yugoslavia,croa1245,ital1282,0.4547,0,0.0169,0.9196,0.4676,0.535,0,0.4263,-1.26102194879103,-1.50392159378278,-0.914330711647098,0.390365403710053,-1.12809885581892,-1.13119288383485,-3.61260879754184,-0.872791887348994
croa1245__serb1264,1,513,11,19,23,11,3,85,1,Yugoslavia,croa1245,serb1264,0,0,0.0171,0,0,0,0,0,-7.05805611981579,-1.50392159378278,-0.912443177056392,-4.64935151707962,-6.22002518262434,-6.25876450984315,-3.61260879754184,-6.67097621727199
croa1245__nucl1301,1,468,11,19,37,5,2,85,0,Yugoslavia,croa1245,nucl1301,0.5493,0,0.0591,1,0.6142,0.5872,0.195,0.456,-0.0549532604713824,-1.50392159378278,-0.516060913008022,0.83098441244373,0.468300629873283,-0.630895241072921,-1.4732570872436,-0.468836751063014
croa1245__croa1245,1,533,11,19,21,6,3,85,1,Yugoslavia,croa1245,croa1245,0,0,0,0,0,0,0,0,-7.05805611981579,-1.50392159378278,-1.0738273845618,-4.64935151707962,-6.22002518262434,-6.25876450984315,-3.61260879754184,-6.67097621727199
croa1245__roma1326,1,544,11,19,36,2,3,85,0,Yugoslavia,croa1245,roma1326,0.4337,0,0.0229,0.9273,0.4562,0.5132,0.195,0.3729,-1.52875389862943,-1.50392159378278,-0.857704673925903,0.432563990367383,-1.25223906139117,-1.34012944728715,-1.4732570872436,-1.59909506168136
croa1245__stan1290,4,472.75,11,19,37,4.5,3.75,84.5,0.5,Yugoslavia,croa1245,stan1290,0.5086,0,0.0483,0.9304,0.531,0.5245,0.359,0.483,-0.573843277539136,-1.50392159378278,-0.617987780906174,0.449553031748905,-0.437705080969768,-1.23182746714904,0.32599255628927,-0.101604808984852
croa1245__dutc1256,4,513.5,11,19,33.75,3.75,3.25,87,0.75,Yugoslavia,croa1245,dutc1256,0.5028,0,0.0474,0.9196,0.4976,0.6019,0.359,0.4766,-0.647788292256408,-1.50392159378278,-0.626481686564354,0.390365403710053,-0.801414104313012,-0.490006824433068,0.32599255628927,-0.188652380440416
croa1245__swed1254,1,547,11,19,19,3,3,93,1,Croatia,croa1245,swed1254,0.55,0.1864,0.0667,0.9014,0.5239,0.6704,0.319,0.566,-0.0460288621434354,-0.30807189288601,-0.444334598561174,0.290623289792728,-0.515020472159499,0.166514028616593,-0.112848820182163,1.0272933833295
czec1258__stan1293,294,542.918367346939,9,15,24.6802721088435,2.94557823129252,3.22789115646259,91.4727891156463,0.952380952380952,Czechslowakia,czec1258,stan1293,0.5992,0.1864,0.0481,0.9131,0.6234,0.684,0.2677,0.5368,0.581228848906526,-0.30807189288601,-0.619875315496881,0.354743220168151,0.568483953668428,0.296859774623534,-0.675662885506775,0.630138838563489
czec1258__stan1288,1,535,9,15,32,2,2,90,1,Czechslowakia,czec1258,stan1288,0.5,0,0.0675,0.9248,0.4877,0.5291,0.2871,0.5431,-0.683485885568195,-1.50392159378278,-0.436784460198348,0.418863150543574,-0.909220072309961,-1.18773993541139,-0.46282481791813,0.71582629171506
czec1258__russ1263,30,520,9,15,28.2,4.63333333333333,3.3,89.8,0.9,Czechslowakia,czec1258,russ1263,0.426,0.3498,0.1549,0.5804,0.4683,0.404,0.195,0.4034,-1.62692228023684,0.740221246204827,0.388068155940402,-1.46856454358427,-1.12047621161712,-2.38672911375464,-1.4732570872436,-1.18425897896344
czec1258__stan1295,89,539.797752808989,9,15,25.3932584269663,2.60674157303371,3.13483146067416,91.4719101123596,0.955056179775281,Czechslowakia,czec1258,stan1295,0.4983,0,0.0097,0.8934,0.4932,0.5758,0.359,0.4728,-0.705159424364637,-1.50392159378278,-0.982281956912533,0.246780602356541,-0.849327867867211,-0.740155645814034,0.32599255628927,-0.240336875992158
czec1258__stan1290,7,544.857142857143,9,15,25.4285714285714,1.42857142857143,3.28571428571429,91.4285714285714,1,Czechslowakia,czec1258,stan1290,0.5101,0,0.0403,0.9248,0.5597,0.4829,0.359,0.4713,-0.554719566836394,-1.50392159378278,-0.693489164534435,0.418863150543574,-0.125176668695783,-1.63053210199379,0.32599255628927,-0.260738650552056
czec1258__serb1264,1,497,9,15,25,3,3,90,1,Czechslowakia,czec1258,serb1264,0.3767,0,0.0332,0.6936,0.4315,0.3143,0,0.3539,-2.25545490533365,-1.50392159378278,-0.760496642504517,-0.848190516362225,-1.5212095067977,-3.24643598263865,-3.61260879754184,-1.85751753944007
czec1258__alba1267,1,527,9,15,27,2,4,90,1,Czechslowakia,czec1258,alba1267,0.4879,0.2566,0.0385,0.7323,0.5174,0.5216,0.319,0.4422,-0.837750485236987,0.142296395756443,-0.710476975850794,-0.636101515889671,-0.585802168319113,-1.25962178063581,-0.112848820182163,-0.656533077014076
czec1258__croa1245,1,514,9,15,21,17,4,85,1,Yugoslavia,czec1258,croa1245,0.3767,0,0.0221,0.6936,0.4315,0.3143,0,0.3539,-2.25545490533365,-1.50392159378278,-0.865254812288729,-0.848190516362225,-1.5212095067977,-3.24643598263865,-3.61260879754184,-1.85751753944007
czec1258__poli1260,3,525.666666666667,9,15,23.6666666666667,2.66666666666667,3,90,1,Czechslowakia,czec1258,poli1260,0.4749,0,0.0137,0.4788,0.4788,0.5298,0.195,0.4653,-1.00348931132742,-1.50392159378278,-0.944531265098403,-2.02536667402384,-1.00613654859005,-1.18103096319045,-1.4732570872436,-0.342345748791648
czec1258__hung1274,2,533,9,15,29.5,4,3.5,92.5,1,CzechRepublic,czec1258,hung1274,0.5158,0,0.0194,1,0.5697,0.5725,0.195,0.4169,-0.482049466165971,-1.50392159378278,-0.890736529263267,0.83098441244373,-0.0162817515271467,-0.771783657712776,-1.4732570872436,-1.00064300792435
czec1258__port1283,1,507,9,15,27,2,4,90,0,Czechslowakia,czec1258,port1283,0.4632,0,0.0706,0.9214,0.4971,0.4632,0.195,0.4431,-1.15265425480882,-1.50392159378278,-0.407527674042397,0.400230008383195,-0.806858850171444,-1.81934174878326,-1.4732570872436,-0.644292012278137
czec1258__ital1282,1,460,9,15,36,1,4,90,0,Czechslowakia,czec1258,ital1282,0.4623,0,0.0322,0.9131,0.489,0.4949,0,0.4371,-1.16412848123046,-1.50392159378278,-0.769934315458049,0.354743220168151,-0.895063733078039,-1.51552114963473,-3.61260879754184,-0.725899110517729
czec1258__dutc1256,5,522,9,15,23,2,3.2,90,0.8,Czechslowakia,czec1258,dutc1256,0.481,0,0.0308,0.9131,0.4979,0.5159,0.359,0.4427,-0.925719554469604,-1.50392159378278,-0.783147057592995,0.354743220168151,-0.798147256797953,-1.31425198300636,0.32599255628927,-0.64973248549411
czec1258__stan1289,1,508,9,15,29,11,3,90,1,Czechslowakia,czec1258,stan1289,0.4869,0,0.0521,0.9176,0.5195,0.4897,0.195,0.4663,-0.850499625705482,-1.50392159378278,-0.58212462368275,0.379404731851006,-0.5629342357137,-1.56535922899032,-1.4732570872436,-0.328744565751716
czec1258__slov1269,1,601,9,15,28,11,4,90,1,Czechslowakia,czec1258,slov1269,0.719,0,0.0126,0.2677,0.7527,0.6792,0.6082,0.6839,2.10857587703225,-1.50392159378278,-0.954912705347289,-3.18226558874622,1.97649523265889,0.250855393679907,3.0599743317063,2.63087286373748
czec1258__roma1326,1,518,9,15,35,11,4,90,1,Czechslowakia,czec1258,roma1326,0.4491,0,0.022,0.9214,0.4704,0.5024,0.195,0.4154,-1.3324171354146,-1.50392159378278,-0.866198579584082,0.400230008383195,-1.0976082790117,-1.44363930441031,-1.4732570872436,-1.02104478248425
dani1285__stan1293,197,550.309644670051,,,27.9746192893401,2.42131979695431,3.18781725888325,122.46192893401,0.857868020304569,Denmark,dani1285,stan1293,0.5372,0,0.0292,0.7323,0.5459,0.7413,0.2617,0.4346,-0.209217860140174,-1.50392159378278,-0.798247334318647,-0.636101515889671,-0.2754516543885,0.846037072138067,-0.74148909197749,-0.759902068117559
dani1285__stan1290,3,521.333333333333,,,27.3333333333333,7.33333333333333,2.66666666666667,74,0.333333333333333,Morocco,dani1285,stan1290,0.4525,0.1864,0.0377,0.9248,0.4411,0.5533,0.439,0.4039,-1.28907005782172,-0.30807189288601,-0.71802711421362,0.418863150543574,-1.41667038631581,-0.955801181487279,1.20367530923214,-1.17745838744347
dani1285__stan1295,6,544.166666666667,,,24.5,1.33333333333333,3.5,120.166666666667,1,Denmark,dani1285,stan1295,0.4577,0.1864,0.0298,0.6667,0.4241,0.6571,0.3548,0.4277,-1.22277452738554,-0.30807189288601,-0.792584730546528,-0.995611552866403,-1.60179174550249,0.0390435564186299,0.279914211759769,-0.853750231093089
dani1285__nucl1301,1,514,,,21,1,4,124,1,Denmark,dani1285,nucl1301,0.5813,0.1864,0.0983,1,0.6466,0.6861,0.3277,0.4433,0.353019234520464,-0.30807189288601,-0.146104133229544,0.83098441244373,0.821120161499664,0.31698669128637,-0.0174008207996264,-0.64157177567015
dani1285__dutc1256,1,564,,,29,2,3,124,1,Denmark,dani1285,dutc1256,0.4401,0.1864,0.0178,0.7323,0.3919,0.6123,0.3548,0.4427,-1.44715939963106,-0.30807189288601,-0.905836805988919,-0.636101515889671,-1.95243337878549,-0.390330665721879,0.279914211759769,-0.64973248549411
stan1293__stan1290,514,537.5953307393,11,19,29,4.12256809338521,3.32879377431907,95.2354085603113,0.692607003891051,UnitedKingdom,stan1293,stan1290,0.5686,0.1864,0.0246,0.9386,0.5789,0.7083,0.439,0.4753,0.191105150570574,-0.30807189288601,-0.841660629904897,0.494491786370996,0.0839015722679982,0.529756953150639,1.20367530923214,-0.206333918392328
stan1293__stan1295,245,549.689795918367,11,19,29.1428571428571,3.50204081632653,3.44897959183673,101.440816326531,0.689795918367347,UnitedStates,stan1293,stan1295,0.5076,0.1864,0.0437,0.6336,0.5146,0.6465,0.3548,0.4364,-0.586592418007631,-0.30807189288601,-0.661401076492424,-1.17701067213363,-0.616292745126331,-0.0625494514985444,0.279914211759769,-0.735419938645681
stan1293__ital1282,32,537.96875,11,19,30.9375,3.90625,3.125,102.0625,0.78125,UnitedKingdom,stan1293,ital1282,0.5595,0.1864,0.0615,0.9291,0.5724,0.6658,0.2677,0.5064,0.0750879723072682,-0.30807189288601,-0.493410497919544,0.442428595040525,0.0131198761083854,0.122426496878951,-0.675662885506775,0.216662874149556
stan1293__stan1288,192,536.302083333333,11,19,28.453125,4.26041666666667,3.40104166666667,96.5989583333333,0.677083333333333,UnitedStates,stan1293,stan1288,0.556,0.1864,0.0575,0.9386,0.5536,0.6548,0.2677,0.5481,0.0304659806675358,-0.30807189288601,-0.531161189733674,0.494491786370996,-0.191602568168651,0.0169997905498095,-0.675662885506775,0.78383220691472
stan1293__nucl1643,12,528.083333333333,11,19,27.6666666666667,3.58333333333333,3.25,122.083333333333,0.5,Australia,stan1293,nucl1643,0.6712,0.3881,0.3453,1,0.713,0.7604,0.5587,0.5428,1.49916696263818,0.98593499912514,2.18500108629301,0.83098441244373,1.54418241149941,1.02909617130958,2.5169081283229,0.711745936803079
stan1293__poli1260,6,531.833333333333,11,19,24.6666666666667,3.83333333333333,3.5,106.833333333333,0.666666666666667,Poland,stan1293,poli1260,0.5977,0.1864,0.0549,0.9047,0.6206,0.6689,0.1864,0.5472,0.562105138203784,-0.30807189288601,-0.555699139412859,0.308708398360154,0.537993376861211,0.15213765957171,-1.56760798318496,0.771591142178781
stan1293__afri1274,129,542.108527131783,11,19,28.2635658914729,3.25581395348837,3.14728682170543,91.5658914728682,0.604651162790698,SouthAfrica,stan1293,afri1274,0.5915,0.4161,0.3303,0.6638,0.6176,0.6902,0.3881,0.4922,0.483060467299114,1.16556907436714,2.04343599199002,-1.01150452706202,0.50532490171062,0.35628210000905,0.645249657672237,0.0235260749825228
stan1293__russ1263,13,523.846153846154,11,19,29.3846153846154,3.15384615384615,3.61538461538462,83.6923076923077,0.692307692307692,UnitedStates,stan1293,russ1263,0.5951,0.3918,0.1849,0.8934,0.6046,0.6596,0.3277,0.5594,0.528957372985696,1.00967235906783,0.671198344546381,0.246780602356541,0.363761509391393,0.0630041714934345,-0.0174008207996264,0.937525575265951
stan1293__swed1254,10,549,11,19,30.2,2.1,3.3,105.5,0.6,UnitedStates,stan1293,swed1254,0.5511,0,0.0557,0.7323,0.5136,0.7896,0.3141,0.5242,-0.0320048076280908,-1.50392159378278,-0.548149001050033,-0.636101515889671,-0.627182236843195,1.3089561553833,-0.166606888799914,0.458763932260345
stan1293__stan1293,85,513.835294117647,11,19,26.6,5.44705882352941,3.14285714285714,77.6588235294118,0.552941176470588,Ireland,stan1293,stan1293,0,0,0,0,0,0,0,0,-7.05805611981579,-1.50392159378278,-1.0738273845618,-4.64935151707962,-6.22002518262434,-6.25876450984315,-3.61260879754184,-6.67097621727199
stan1293__port1283,8,552.125,11,19,26.125,3.375,3.125,114.75,0.625,Australia,stan1293,port1283,0.5261,0.1864,0.0512,0.9359,0.5368,0.6902,0.3277,0.4235,-0.350733319340471,-0.30807189288601,-0.59061852934093,0.479694879361283,-0.374546029011958,0.35628210000905,-0.0174008207996264,-0.910875199860804
stan1293__nucl1302,1,592,11,19,32,12,1,105,1,UnitedKingdom,stan1293,nucl1302,0.6546,0.3333,0.154,1,0.6791,0.738,0.4878,0.5667,1.28753123086116,0.634365451865789,0.379574250282223,0.83098441244373,1.17502864229773,0.814409060239324,1.73906178852728,1.03681421145745
stan1293__swah1253,10,528.1,11,19,23.4,2.5,3.2,40.6,0.8,Kenya,stan1293,swah1253,0.6574,0.5574,0.294,1,0.7195,0.8056,0.3729,0.484,1.32322882417295,2.07207960407054,1.70084846377679,0.83098441244373,1.61496410765902,1.46230409186205,0.478489934613093,-0.0880036259449198
stan1293__indo1316,5,548.4,11,19,26.8,2.4,2.2,83.8,0.8,Indonesia,stan1293,indo1316,0.59,0.4161,0.4185,1,0.6388,0.7434,0.3277,0.4546,0.463936756596371,1.16556907436714,2.8758387464916,0.83098441244373,0.736182126108128,0.866163988800903,-0.0174008207996264,-0.487878407318919
stan1293__hind1269,29,529.965517241379,11,19,31.2758620689655,4.44827586206897,3.51724137931035,56.2068965517241,0.931034482758621,India,stan1293,hind1269,0.6094,0.3918,0.2707,0.9196,0.6586,0.7597,0.3729,0.4684,0.711270081685179,1.00967235906783,1.48095068395948,0.390365403710053,0.951794062102027,1.02238719908863,0.478489934613093,-0.300182081367859
stan1293__hung1274,3,512.333333333333,11,19,29.3333333333333,1.66666666666667,3,75.6666666666667,0.666666666666667,Iraq,stan1293,hung1274,0.5979,0.1864,0.0665,1,0.641,0.7323,0.3277,0.4581,0.564654966297483,-0.30807189288601,-0.446222133151881,0.83098441244373,0.760139007885228,0.759778857868768,-0.0174008207996264,-0.440274266679157
stan1293__hebr1245,13,533,11,19,31.6923076923077,6,3,93.3846153846154,0.615384615384615,UnitedStates,stan1293,hebr1245,0.6064,0.6035,0.1521,1,0.6006,0.7193,0.4788,0.5549,0.673022660279693,2.36783427795113,0.361642671670511,0.83098441244373,0.320203542523939,0.635183659479782,1.64032247882121,0.876320251586256
stan1293__dutc1256,8,546.375,11,19,24.375,8.25,3.5,85.5,0.875,UnitedStates,stan1293,dutc1256,0.5343,0.1864,0.0174,0.7068,0.5416,0.6462,0.3548,0.4861,-0.24619036749881,-0.30807189288601,-0.909611875170332,-0.775850082092517,-0.322276468771014,-0.0654247253075207,0.279914211759769,-0.0594411415610628
stan1293__stan1306,21,530.285714285714,11,19,29.3333333333333,5.33333333333333,3.04761904761905,80.8571428571429,0.80952380952381,Malaysia,stan1293,stan1306,0.6287,0.641,0.3806,1,0.6707,0.8344,0.1864,0.4951,0.957328492727135,2.60841562872167,2.51815094155271,0.83098441244373,1.08355691187608,1.73833037752381,-1.56760798318496,0.0629695057983249
stan1293__mand1415,25,531.92,11,19,29.8,2.76,3.56,95.36,0.88,Singapore,stan1293,mand1415,0.6462,0.641,0.3047,1,0.6488,0.8278,0.4878,0.5926,1.1804384509258,2.60841562872167,1.80183156437959,0.83098441244373,0.845077043276764,1.67507435372632,1.73906178852728,1.38908485219169
stan1293__dani1285,6,532.333333333333,11,19,30.1666666666667,2.33333333333333,3.16666666666667,105.666666666667,0.333333333333333,UnitedKingdom,stan1293,dani1285,0.5372,0,0.0292,0.7323,0.5459,0.7413,0.2617,0.4346,-0.209217860140174,-1.50392159378278,-0.798247334318647,-0.636101515889671,-0.2754516543885,0.846037072138067,-0.74148909197749,-0.759902068117559
stan1293__mode1248,8,529.25,11,19,28.125,4.375,3.125,99.375,0.625,UnitedKingdom,stan1293,mode1248,0.5828,0.3277,0.0921,0.9047,0.5837,0.7068,0.1864,0.5516,0.372142945223206,0.598438636817388,-0.204617705541446,0.308708398360154,0.136171132508944,0.515380584105756,-1.56760798318496,0.831436347554481
stan1293__norw1258,4,552.75,11,19,25.75,5.25,3,115,0.75,Australia,stan1293,norw1258,0.5311,0,0.0423,0.7048,0.5352,0.6356,0.409,0.4769,-0.286987616997995,-1.50392159378278,-0.67461381862737,-0.786810753951563,-0.391969215758941,-0.167017733224694,0.874544276878561,-0.184572025528437
stan1293__finn1318,1,554,11,19,24,1,4,101,0,Canada,stan1293,finn1318,0.5882,0.1864,0.0812,1,0.6446,0.674,0.3141,0.4694,0.440988303753079,-0.30807189288601,-0.307488340734951,0.83098441244373,0.799341178065936,0.201017314324313,-0.166606888799914,-0.286580898327927
stan1293__czec1258,3,548,11,19,29.6666666666667,5,3.33333333333333,105,0.666666666666667,UnitedKingdom,stan1293,czec1258,0.5992,0.1864,0.0481,0.9131,0.6234,0.684,0.2677,0.5368,0.581228848906526,-0.30807189288601,-0.619875315496881,0.354743220168151,0.568483953668428,0.296859774623534,-0.675662885506775,0.630138838563489
stan1293__serb1264,1,531,11,19,22,3,4,105,1,UnitedKingdom,stan1293,serb1264,0.5804,0.1864,0.079,0.9196,0.6067,0.6774,0.2677,0.5093,0.341545008098818,-0.30807189288601,-0.328251221232723,0.390365403710053,0.386629441996807,0.233603750826047,-0.675662885506775,0.256106304965359
stan1293__ukra1253,2,528.5,11,19,18,1.5,3,109.5,0.5,Canada,stan1293,ukra1253,0.5559,0.3918,0.0762,0.9047,0.5803,0.6774,0.2677,0.4661,0.029191066620685,1.00967235906783,-0.354676705502614,0.308708398360154,0.099146860671608,0.233603750826047,-0.675662885506775,-0.331464802359702
stan1293__urdu1245,2,529,11,19,26,2,4,29,1,Pakistan,stan1293,urdu1245,0.6267,0.4973,0.2475,0.9196,0.6938,0.6962,0.4601,0.4923,0.931830211790145,1.68650789256896,1.26199667143752,0.390365403710053,1.33510417053563,0.413787576188583,1.43516413532082,0.0248861932865159
stan1293__nucl1301,2,507,11,19,12.5,9,3,111.5,0.5,Netherlands,stan1293,nucl1301,0.6476,0.1864,0.1194,1,0.7119,0.7323,0.3277,0.5183,1.19828724758169,-0.30807189288601,0.0530307660899944,0.83098441244373,1.53220397061086,0.759778857868768,-0.0174008207996264,0.378516952324746
stan1293__croa1245,1,524,11,19,18,0,1,85,1,Yugoslavia,stan1293,croa1245,0.5804,0.1864,0.0639,0.9196,0.6067,0.6774,0.2677,0.5093,0.341545008098818,-0.30807189288601,-0.470760082831066,0.390365403710053,0.386629441996807,0.233603750826047,-0.675662885506775,0.256106304965359
stan1293__roma1327,1,442,11,19,36,1,4,77,0,Iran,stan1293,roma1327,0.5476,0.1864,0.0797,0.9248,0.5772,0.6104,0.2677,0.4997,-0.0766267992678247,-0.30807189288601,-0.32164485016525,0.418863150543574,0.0653894363493309,-0.40854073317873,-0.675662885506775,0.125534947782012
stan1293__stan1289,1,584,11,19,39,9,4,105,1,UnitedKingdom,stan1293,stan1289,0.5343,0.1864,0.0526,0.9328,0.5465,0.696,0.1864,0.4581,-0.24619036749881,-0.30807189288601,-0.577405787205984,0.462705837979761,-0.268917959358382,0.411870726982597,-1.56760798318496,-0.440274266679157
esto1258__stan1295,7,563.714285714286,,,23.4285714285714,1.14285714285714,3.28571428571429,91.4285714285714,0.857142857142857,USSR,esto1258,stan1295,0.4734,0.658,0.0591,0.9744,0.4897,0.4278,0.3064,0.5002,-1.02261302203017,2.71747917440431,-0.516060913008022,0.690687812647933,-0.887441088876234,-2.1586240582425,-0.251083853770664,0.132335539301978
esto1258__ukra1253,1,593,,,19,2,3,90,1,USSR,esto1258,ukra1253,0.429,0.7125,0.0515,0.9766,0.4192,0.4967,0.195,0.448,-1.58867485883135,3.0671240708575,-0.58778722745487,0.702744551692884,-1.65515025491512,-1.49826950678087,-1.4732570872436,-0.57764621538247
esto1258__russ1263,4,526,,,27,4,3,92.5,1,USSR,esto1258,russ1263,0.4689,0.7125,0.1182,0.9791,0.4483,0.5507,0.2736,0.4738,-1.0799841541384,3.0671240708575,0.0417055585457552,0.716445391516692,-1.33826604595439,-0.980720221165077,-0.610933782477239,-0.226735692952226
esto1258__stan1293,47,538.574468085106,,,23.8936170212766,2.5531914893617,3.17021276595745,95.7872340425532,0.957446808510638,Estonia,esto1258,stan1293,0.5622,0.641,0.0711,0.9687,0.5848,0.674,0.1864,0.5026,0.109510651572206,2.60841562872167,-0.402808837565631,0.659449897849649,0.148149573397494,0.201017314324313,-1.56760798318496,0.164978378597816
esto1258__finn1318,3,533,,,24.6666666666667,1.33333333333333,3,93.3333333333333,1,USSR,esto1258,finn1318,0.3585,0.658,0.0245,0.9819,0.3993,0.2736,0.2566,0.3538,-2.48748926186026,2.71747917440431,-0.842604397200251,0.731790332119357,-1.8718511400807,-3.63651479605648,-0.797441367477598,-1.85887765774406
esto1258__dutc1256,1,557,,,24,3,3,90,1,USSR,esto1258,dutc1256,0.5163,0.658,0.0608,0.9687,0.5434,0.5224,0.3064,0.5122,-0.475674895931724,2.71747917440431,-0.500016868987017,0.659449897849649,-0.302675383680659,-1.25195438381187,-0.251083853770664,0.295549735781162
esto1258__swed1254,2,525,,,25,2,3.5,95,1,Estonia,esto1258,swed1254,0.5078,0.641,0.0172,0.9744,0.4986,0.6383,0.2566,0.5002,-0.584042589913932,2.60841562872167,-0.911499409761038,0.690687812647933,-0.790524612596149,-0.141140268943905,-0.797441367477598,0.132335539301978
ewee1241__stan1293,12,500.583333333333,18,22,30.75,4.75,3.08333333333333,46,0.333333333333333,Ghana,ewee1241,stan1293,0.6361,0.1864,0.2049,1,0.6777,0.7553,0.4646,0.5249,1.051672132194,-0.30807189288601,0.859951803617033,0.83098441244373,1.15978335389412,0.980216516556975,1.48453379017385,0.468284760388298
ewee1241__stan1290,13,494.307692307692,18,22,24.4615384615385,3.76923076923077,2.92307692307692,43.2307692307692,0.461538461538462,Togo,ewee1241,stan1290,0.5832,0,0.1842,1,0.6455,0.7003,0.4513,0.4689,0.377242601410605,-1.50392159378278,0.664591973478908,0.83098441244373,0.809141720611114,0.453082984911263,1.3386190324971,-0.293381489847893
finn1318__stan1293,215,538.558139534884,13,17,26.3767441860465,3.53488372093023,3.26046511627907,110.995348837209,0.911627906976744,Finland,finn1318,stan1293,0.5882,0.1864,0.0812,1,0.6446,0.674,0.3141,0.4694,0.440988303753079,-0.30807189288601,-0.307488340734951,0.83098441244373,0.799341178065936,0.201017314324313,-0.166606888799914,-0.286580898327927
finn1318__swed1254,15,537.066666666667,13,17,30.8,2.26666666666667,3.4,108.866666666667,0.933333333333333,Finland,finn1318,swed1254,0.5035,0.1864,0.0286,1,0.5463,0.6383,0,0.4418,-0.638863893928463,-0.30807189288601,-0.803909938090767,0.83098441244373,-0.271095857701755,-0.141140268943905,-3.61260879754184,-0.661973550230048
finn1318__russ1263,2,535.5,13,17,28.5,1.5,3.5,111,1,Finland,finn1318,russ1263,0.4733,0.3498,0.1151,1,0.46,0.4911,0.2566,0.5099,-1.02388793607702,0.740221246204827,0.0124487723898041,0.83098441244373,-1.21085899286708,-1.55194128454843,-0.797441367477598,0.264267014789318
finn1318__stan1295,3,526.333333333333,13,17,40.3333333333333,2.33333333333333,2.66666666666667,111,1,Finland,finn1318,stan1295,0.4768,0,0.08,1,0.5511,0.4278,0.3021,0.4201,-0.979265944437283,-1.50392159378278,-0.318813548279191,0.83098441244373,-0.218826297460809,-2.1586240582425,-0.298259301741343,-0.957119222196572
stan1290__stan1293,1147,526.527462946818,10,15,25.8317349607672,3.95727986050567,3.13077593722755,95.9067131647777,0.682650392327812,France,stan1290,stan1293,0.5686,0.1864,0.0246,0.9386,0.5789,0.7083,0.439,0.4753,0.191105150570574,-0.30807189288601,-0.841660629904897,0.494491786370996,0.0839015722679982,0.529756953150639,1.20367530923214,-0.206333918392328
stan1290__stan1290,32,501.5,10,15,24.1875,5.625,2.96875,45.0625,0.3125,"Congo,DemocraticRepublicofthe",stan1290,stan1290,0,0,0,0,0,0,0,0,-7.05805611981579,-1.50392159378278,-1.0738273845618,-4.64935151707962,-6.22002518262434,-6.25876450984315,-3.61260879754184,-6.67097621727199
stan1290__stan1288,60,521.416666666667,10,15,26.7,3.6,2.78333333333333,104.883333333333,0.85,France,stan1290,stan1288,0.5019,0,0.0362,0.4601,0.4423,0.5221,0.4498,0.5804,-0.659262518678054,-1.50392159378278,-0.732183623643919,-2.12784895590593,-1.40360299625557,-1.25482965762085,1.32216248087942,1.22315041910452
stan1290__swah1253,9,499.888888888889,10,15,29.4444444444444,4.22222222222222,2.66666666666667,20.6666666666667,0.555555555555556,"Congo,DemocraticRepublicofthe",stan1290,swah1253,0.5897,0.5335,0.2752,1,0.6397,0.6326,0.5765,0.4955,0.460112014455823,1.91874908984612,1.52342021225038,0.83098441244373,0.745982668653306,-0.19577047131446,2.71219254085269,0.0684099790142979
stan1290__ital1282,20,531.15,10,15,27.5,2.7,3.25,108.9,0.9,France,stan1290,ital1282,0.4579,0,0.041,0.5295,0.4625,0.4815,0.359,0.4379,-1.22022469929184,-1.50392159378278,-0.686882793466962,-1.74751364239701,-1.18363526357492,-1.64395004643568,0.32599255628927,-0.715018164085783
stan1290__stan1295,58,544.068965517241,10,15,27.2758620689655,3.60344827586207,3.22413793103448,103.862068965517,0.827586206896552,France,stan1290,stan1295,0.425,0,0.032,0.9248,0.4358,0.5392,0.2421,0.3886,-1.63967142070533,-1.50392159378278,-0.771821850048756,0.418863150543574,-1.47438469241518,-1.09093905050918,-0.956521366448492,-1.38555648795443
stan1290__dani1285,6,529.166666666667,10,15,26.3333333333333,4,3,88.6666666666667,0.666666666666667,France,stan1290,dani1285,0.4525,0.1864,0.0377,0.9248,0.4411,0.5533,0.439,0.4039,-1.28907005782172,-0.30807189288601,-0.71802711421362,0.418863150543574,-1.41667038631581,-0.955801181487279,1.20367530923214,-1.17745838744347
stan1290__port1283,10,514.2,10,15,26.5,4,3.5,81.9,0.5,France,stan1290,port1283,0.4183,0,0.0339,0.427,0.4326,0.4467,0.3064,0.3947,-1.72509066184425,-1.50392159378278,-0.753890271437044,-2.30924807517315,-1.50923106590915,-1.97748180827697,-0.251083853770664,-1.30258927141084
stan1290__russ1263,12,506.75,10,15,29.0833333333333,3.41666666666667,3.16666666666667,51.1666666666667,0.25,"Congo,Republic",stan1290,russ1263,0.5267,0.3498,0.1897,0.9078,0.5385,0.5257,0.4034,0.5152,-0.343083835059374,0.740221246204827,0.716499174723337,0.325697439741677,-0.356033893093291,-1.22032637191313,0.81310648417256,0.336353284900958
stan1290__cent2194,6,499.833333333333,10,15,19.3333333333333,3.66666666666667,3.5,112.333333333333,1,France,stan1290,cent2194,0.5698,0.405,0.0712,1,0.5929,0.6418,0.3931,0.5392,0.206404119132768,1.09435699453906,-0.401865070270277,0.83098441244373,0.236354456304089,-0.107595407839177,0.700104829731166,0.662781677859325
stan1290__nucl1301,7,511.857142857143,10,15,23.8571428571429,1.42857142857143,3.28571428571429,101.571428571429,0.857142857142857,Belgium,stan1290,nucl1301,0.5677,0,0.1063,1,0.6588,0.5354,0.3064,0.4955,0.179630924148929,-1.50392159378278,-0.0706027496012828,0.83098441244373,0.9539719604454,-1.12735918542288,-0.251083853770664,0.0684099790142979
stan1290__mode1248,1,575,10,15,17,2,3,118,0,Netherlands,stan1290,mode1248,0.5268,0.2736,0.0775,0.9176,0.49,0.5439,0.4034,0.5849,-0.341808921012524,0.251359941439088,-0.342407730663022,0.379404731851006,-0.884174241361176,-1.04589309416855,0.81310648417256,1.28435574278422
stan1290__roma1326,1,560,10,15,20,1,2,90,1,USSR,stan1290,roma1326,0.4157,0,0.0255,0.1864,0.3943,0.4909,0.4034,0.3918,-1.75823842706234,-1.50392159378278,-0.833166724246718,-3.62781689981647,-1.92629859866502,-1.55385813375442,0.81310648417256,-1.34203270222665
stan1290__czec1258,1,486,10,15,27,2,4,43,0,Togo,stan1290,czec1258,0.5101,0,0.0403,0.9248,0.5597,0.4829,0.359,0.4713,-0.554719566836394,-1.50392159378278,-0.693489164534435,0.418863150543574,-0.125176668695783,-1.63053210199379,0.32599255628927,-0.260738650552056
stan1290__roma1327,1,493,10,15,44,9,4,43,0,"Congo,Republic",stan1290,roma1327,0.4663,0,0.069,0.5804,0.4498,0.6082,0.359,0.4336,-1.11313191935648,-1.50392159378278,-0.422627950768049,-1.46856454358427,-1.32193180837909,-0.429626074444559,0.32599255628927,-0.773503251157491
stan1290__dutc1256,4,543,10,15,23.75,3.5,2,113,1,France,stan1290,dutc1256,0.4357,0,0.0203,0.9386,0.47,0.5441,0.3445,0.3411,-1.50325561769244,-1.50392159378278,-0.882242623605088,0.494491786370996,-1.10196407569845,-1.04397624496256,0.166912557318375,-2.0316126823512
stan1290__poli1260,2,521.5,10,15,35,4.5,3.5,106.5,0.5,France,stan1290,poli1260,0.558,0,0.0519,0.9176,0.5524,0.6361,0.4034,0.5239,0.0559642616045262,-1.50392159378278,-0.584012158273457,0.379404731851006,-0.204669958228887,-0.162225610209733,0.81310648417256,0.454683577348366
stan1290__swed1254,1,533,10,15,21,1,3,111,1,Finland,stan1290,swed1254,0.4644,0.1864,0.0676,0.9248,0.4463,0.5006,0.3931,0.4845,-1.13735528624662,-0.30807189288601,-0.435840692902995,0.418863150543574,-1.36004502938811,-1.46089094726417,0.700104829731166,-0.0812030344249539
stan1290__croa1245,1,498,10,15,29,2,3,27,0,Cameroon,stan1290,croa1245,0.5086,0,0.0483,0.9304,0.531,0.5245,0.359,0.483,-0.573843277539136,-1.50392159378278,-0.617987780906174,0.449553031748905,-0.437705080969768,-1.23182746714904,0.32599255628927,-0.101604808984852
stan1290__stan1289,1,535,10,15,18,1,3,109,1,Belgium,stan1290,stan1289,0.4535,0,0.0284,0.3862,0.4584,0.5127,0.4034,0.4096,-1.27632091735322,-1.50392159378278,-0.805797472681473,-2.5328457810977,-1.22828217961407,-1.34492157030211,0.81310648417256,-1.09993164411586
fula1264__stan1290,7,510.142857142857,17,20,18.7142857142857,4.71428571428571,2.42857142857143,30,0.285714285714286,Guinea,fula1264,stan1290,0.5454,0.405,0.1603,1,0.61,0.5309,0.4935,0.4815,-0.104674908298514,1.09435699453906,0.439031589889478,0.83098441244373,0.422564764662456,-1.17048829255753,1.80159668467446,-0.12200658354475
fula1264__stan1293,16,494.875,17,20,19.625,4.25,2.125,27.5,0.0625,SierraLeone,fula1264,stan1293,0.6308,0.4404,0.1829,1,0.6886,0.6936,0.439,0.5199,0.984101687710975,1.32146578966645,0.652322998639315,0.83098441244373,1.27847881360794,0.388868536510785,1.20367530923214,0.400278845188638
nucl1302__russ1263,86,502.441860465116,24,27,26.593023255814,4.52325581395349,3.06976744186047,87.4302325581395,0.662790697674419,USSR,nucl1302,russ1263,0.5529,0.3824,0.1047,1,0.5317,0.5797,0.4576,0.597,-0.00905635478480059,0.949366633808017,-0.085703026326935,0.83098441244373,-0.430082436767964,-0.702777086297337,1.40773654929135,1.44893005756739
nucl1302__stan1293,24,512.708333333333,24,27,25.375,3.125,2.95833333333333,86.9583333333333,0.625,Georgia,nucl1302,stan1293,0.6546,0.3333,0.154,1,0.6791,0.738,0.4878,0.5667,1.28753123086116,0.634365451865789,0.379574250282223,0.83098441244373,1.17502864229773,0.814409060239324,1.73906178852728,1.03681421145745
nucl1302__mode1248,1,517,24,27,29,3,4,81,1,Georgia,nucl1302,mode1248,0.5975,0.4054,0.0732,1,0.5405,0.7116,0.4576,0.656,0.559555310110086,1.09692319561395,-0.382989724363212,0.83098441244373,-0.334254909659564,0.561384965049382,1.40773654929135,2.25139985692338
nucl1302__stan1295,3,521,24,27,35.6666666666667,2,3.66666666666667,87,0.666666666666667,USSR,nucl1302,stan1295,0.5515,0.2804,0.1151,1,0.5427,0.6223,0.3931,0.5466,-0.0269051514406933,0.294985359712146,0.0124487723898041,0.83098441244373,-0.310298027882464,-0.294488205422658,0.700104829731166,0.763430432354821
nucl1302__nucl1235,1,448,24,27,39,5,2,90,1,USSR,nucl1302,nucl1235,0.4487,0.3613,0.0041,1,0.4408,0.5968,0.3021,0.3673,-1.337516791602,0.813999527107793,-1.03513292545232,0.83098441244373,-1.41993723383086,-0.53888647918567,-0.298259301741343,-1.67526168670498
nucl1302__stan1290,1,481,24,27,27,5,4,84,0,Russia,nucl1302,stan1290,0.6058,0.2804,0.1452,1,0.6332,0.6143,0.3931,0.5985,0.665373175998595,0.294985359712146,0.296522728291136,0.83098441244373,0.675200972493692,-0.371162173662035,0.700104829731166,1.46933183212729
nucl1302__nucl1302,1,525,24,27,15,1,3,81,1,Georgia,nucl1302,nucl1302,0,0,0,0,0,0,0,0,-7.05805611981579,-1.50392159378278,-1.0738273845618,-4.64935151707962,-6.22002518262434,-6.25876450984315,-3.61260879754184,-6.67097621727199
stan1295__stan1293,4335,555.667128027682,6,13,24.8,2.88212226066897,3.04405997693195,100.620761245675,0.802306805074971,Germany,stan1295,stan1293,0.5076,0.1864,0.0437,0.6336,0.5146,0.6465,0.3548,0.4364,-0.586592418007631,-0.30807189288601,-0.661401076492424,-1.17701067213363,-0.616292745126331,-0.0625494514985444,0.279914211759769,-0.735419938645681
stan1295__stan1288,53,548.471698113208,6,13,28.0566037735849,2.83018867924528,3.22641509433962,100.037735849057,0.773584905660377,Germany,stan1295,stan1288,0.4961,0,0.0579,0.9248,0.3939,0.4905,0.4498,0.6393,-0.733207533395326,-1.50392159378278,-0.527386120552261,0.418863150543574,-1.93065439535177,-1.55769183216638,1.32216248087942,2.02426010015651
stan1295__ital1282,41,552.756097560976,6,13,28.6585365853659,3.60975609756098,3,99.8536585365854,0.804878048780488,Germany,stan1295,ital1282,0.4909,0,0.0257,0.9131,0.4603,0.6188,0.359,0.4819,-0.799503063831501,-1.50392159378278,-0.831279189656011,0.354743220168151,-1.20759214535202,-0.328033066527385,0.32599255628927,-0.116566110328777
stan1295__stan1295,20,555.25,6,13,27.75,2.35,2.85,93.5,0.7,Switzerland,stan1295,stan1295,0,0,0,0,0,0,0,0,-7.05805611981579,-1.50392159378278,-1.0738273845618,-4.64935151707962,-6.22002518262434,-6.25876450984315,-3.61260879754184,-6.67097621727199
stan1295__russ1263,24,544.166666666667,6,13,28.4166666666667,3.66666666666667,3,97.1666666666667,0.916666666666667,Germany,stan1295,russ1263,0.5098,0.3498,0.1639,0.8691,0.4878,0.5401,0.4034,0.5184,-0.558544308976942,0.740221246204827,0.473007212522195,0.113608439269123,-0.908131123138275,-1.08231322908225,0.81310648417256,0.37987707062874
stan1295__stan1290,214,557.92523364486,6,13,26.107476635514,2.44392523364486,3.14485981308411,100.051401869159,0.855140186915888,Germany,stan1295,stan1290,0.425,0,0.032,0.9248,0.4358,0.5392,0.2421,0.3886,-1.63967142070533,-1.50392159378278,-0.771821850048756,0.418863150543574,-1.47438469241518,-1.09093905050918,-0.956521366448492,-1.38555648795443
stan1295__swed1254,10,553.9,6,13,24.3,2.6,3.4,100.3,0.6,Germany,stan1295,swed1254,0.4244,0.1864,0.0527,0.6667,0.3857,0.6069,0.3021,0.426,-1.64732090498643,-0.30807189288601,-0.576462019910631,-0.995611552866403,-2.01994822743005,-0.442085594283457,-0.298259301741343,-0.876872242260974
stan1295__nucl1302,2,571,6,13,27,1.5,2.5,93,0.5,Austria,stan1295,nucl1302,0.5515,0.2804,0.1151,1,0.5427,0.6223,0.3931,0.5466,-0.0269051514406933,0.294985359712146,0.0124487723898041,0.83098441244373,-0.310298027882464,-0.294488205422658,0.700104829731166,0.763430432354821
stan1295__roma1327,4,578.5,6,13,26,1.25,3.5,93.5,0.75,Germany,stan1295,roma1327,0.4254,0,0.0378,0.9078,0.4184,0.4065,0.359,0.4541,-1.63457176451794,-1.50392159378278,-0.717083346918267,0.325697439741677,-1.66386184828861,-2.36276849867984,0.32599255628927,-0.494678998838885
stan1295__poli1260,11,547.727272727273,6,13,21,4.18181818181818,3.27272727272727,100.363636363636,0.818181818181818,Poland,stan1295,poli1260,0.5574,0,0.0232,0.8831,0.5398,0.6114,0.3064,0.5805,0.0483147773234285,-1.50392159378278,-0.854873372039843,0.19033314228245,-0.341877553861369,-0.398956487148808,-0.251083853770664,1.22451053740852
stan1295__stan1289,1,606,6,13,32,3,4,101,1,Germany,stan1295,stan1289,0.4801,0,0.0426,0.9176,0.4565,0.6288,0.3064,0.4707,-0.937193780891249,-1.50392159378278,-0.67178251674131,0.379404731851006,-1.24897221387611,-0.232190606228164,-0.251083853770664,-0.268899360376015
stan1295__alba1267,2,533,6,13,18,5.5,3,101,1,Germany,stan1295,alba1267,0.4458,0.2566,0.0385,0.7323,0.4384,0.3871,0.3931,0.4904,-1.37448929896063,0.142296395756443,-0.710476975850794,-0.636101515889671,-1.44607201395134,-2.54870287166033,0.700104829731166,-0.000956054489355049
stan1295__czec1258,5,561.4,6,13,23,2,2.6,96.6,0.8,Germany,stan1295,czec1258,0.4983,0,0.0097,0.8934,0.4932,0.5758,0.359,0.4728,-0.705159424364637,-1.50392159378278,-0.982281956912533,0.246780602356541,-0.849327867867211,-0.740155645814034,0.32599255628927,-0.240336875992158
stan1295__norw1258,7,556.714285714286,6,13,28,2.28571428571429,3,100,0.714285714285714,Germany,stan1295,norw1258,0.4014,0.1864,0.0524,0.631,0.3259,0.3344,0.3931,0.5021,-1.94055113576182,-0.30807189288601,-0.579293321796691,-1.19125954555039,-2.67113983209849,-3.05379263743722,0.700104829731166,0.158177787077849
stan1295__hebr1245,3,538.666666666667,6,13,27,1,3.33333333333333,101,0.333333333333333,Germany,stan1295,hebr1245,0.5021,0.5829,0.1107,1,0.4827,0.5932,0.4498,0.4672,-0.656712690584355,2.23567492259451,-0.0290769886057393,0.83098441244373,-0.963667530894279,-0.57338976489339,1.32216248087942,-0.316503501015777
stan1295__nucl1301,11,559.181818181818,6,13,23.5454545454546,2.81818181818182,3.09090909090909,96.3636363636364,0.818181818181818,Germany,stan1295,nucl1301,0.5154,0,0.0773,1,0.6127,0.4596,0.3064,0.418,-0.48714912235337,-1.50392159378278,-0.344295265253729,0.83098441244373,0.451966392297988,-1.85384503449098,-0.251083853770664,-0.985681706580429
stan1295__dani1285,4,558,6,13,27.25,1.5,3.5,101,1,Germany,stan1295,dani1285,0.4577,0.1864,0.0298,0.6667,0.4241,0.6571,0.3548,0.4277,-1.22277452738554,-0.30807189288601,-0.792584730546528,-0.995611552866403,-1.60179174550249,0.0390435564186299,0.279914211759769,-0.853750231093089
stan1295__serb1264,3,566.333333333333,6,13,25.6666666666667,3.33333333333333,2.33333333333333,101,1,Germany,stan1295,serb1264,0.5201,0,0.0358,0.9014,0.5157,0.6023,0.359,0.5062,-0.427228162151442,-1.50392159378278,-0.735958692825332,0.290623289792728,-0.60431430423778,-0.486173126021099,0.32599255628927,0.21394263754157
stan1295__port1283,12,568.75,6,13,27.4166666666667,1.25,3.08333333333333,101,0.75,Germany,stan1295,port1283,0.4571,0,0.0613,0.9214,0.4175,0.6188,0.4034,0.4343,-1.23042401166664,-1.50392159378278,-0.49529803251025,0.400230008383195,-1.67366239083379,-0.328033066527385,0.81310648417256,-0.763982423029538
stan1295__finn1318,2,541.5,6,13,22,1.5,1.5,93.5,1,Germany,stan1295,finn1318,0.4768,0,0.08,1,0.5511,0.4278,0.3021,0.4201,-0.979265944437283,-1.50392159378278,-0.318813548279191,0.83098441244373,-0.218826297460809,-2.1586240582425,-0.298259301741343,-0.957119222196572
stan1295__croa1245,2,562,6,13,30.5,3.5,4,101,1,Germany,stan1295,croa1245,0.5201,0,0.0209,0.9014,0.5157,0.6023,0.359,0.5062,-0.427228162151442,-1.50392159378278,-0.876580019832968,0.290623289792728,-0.60431430423778,-0.486173126021099,0.32599255628927,0.21394263754157
stan1295__nucl1643,1,541,6,13,26,1,3,101,0,Germany,stan1295,nucl1643,0.5679,0.3455,0.3383,1,0.6143,0.5493,0.4498,0.5211,0.182180752242627,0.712634584649805,2.11893737561828,0.83098441244373,0.46938957904497,-0.994138165606968,1.32216248087942,0.416600264836556
stan1295__dutc1256,3,592.666666666667,6,13,19.6666666666667,8.66666666666667,2.66666666666667,101,0.333333333333333,Germany,stan1295,dutc1256,0.3577,0,0.0268,0.5236,0.3856,0.4278,0.2421,0.3086,-2.49768857423506,-1.50392159378278,-0.820897749407125,-1.77984762438119,-2.02103717660173,-2.1586240582425,-0.956521366448492,-2.47365113114899
stan1295__mand1415,1,494,6,13,22,1,3,101,0,Germany,stan1295,mand1415,0.5989,0.658,0.2915,1,0.5881,0.8325,0.3931,0.5902,0.577404106765978,2.71747917440431,1.67725428139296,0.83098441244373,0.184084896063143,1.72012031006696,0.700104829731166,1.35644201289585
stan1295__mode1248,2,585.5,6,13,30,5,3.5,101,0.5,Germany,stan1295,mode1248,0.5209,0.2736,0.0491,0.8831,0.4763,0.5758,0.4034,0.5707,-0.417028849776645,0.251359941439088,-0.610437642543348,0.19033314228245,-1.03336027788221,-0.740155645814034,0.81310648417256,1.09121894361718
mode1248__stan1293,281,529.010676156584,21,18,25.3594306049822,3.3914590747331,3.09964412811388,101.943060498221,0.569395017793594,Greece,mode1248,stan1293,0.5828,0.3277,0.0921,0.9047,0.5837,0.7068,0.1864,0.5516,0.372142945223206,0.598438636817388,-0.204617705541446,0.308708398360154,0.136171132508944,0.515380584105756,-1.56760798318496,0.831436347554481
mode1248__stan1295,17,543,21,18,24.8235294117647,2.11764705882353,3.23529411764706,100.058823529412,0.588235294117647,Germany,mode1248,stan1295,0.5209,0.2736,0.0491,0.8831,0.4763,0.5758,0.4034,0.5707,-0.417028849776645,0.251359941439088,-0.610437642543348,0.19033314228245,-1.03336027788221,-0.740155645814034,0.81310648417256,1.09121894361718
mode1248__ital1282,7,520.714285714286,21,18,28.1428571428571,8.28571428571429,3,102.428571428571,0.571428571428571,Greece,mode1248,ital1282,0.4422,0.2736,0.0412,0.9047,0.4142,0.4949,0.195,0.5103,-1.42038620464722,0.251359941439088,-0.684995258876256,0.308708398360154,-1.70959771349944,-1.51552114963473,-1.4732570872436,0.269707488005291
mode1248__stan1290,8,528.875,21,18,28.625,2.5,3,102,0.375,Greece,mode1248,stan1290,0.5268,0.2736,0.0775,0.9176,0.49,0.5439,0.4034,0.5849,-0.341808921012524,0.251359941439088,-0.342407730663022,0.379404731851006,-0.884174241361176,-1.04589309416855,0.81310648417256,1.28435574278422
mode1248__nucl1235,1,538,21,18,34,2,3,88,0,Armenia,mode1248,nucl1235,0.5354,0.195,0.0698,0.8337,0.5354,0.5818,0.4034,0.5346,-0.232166312983466,-0.252898569775966,-0.415077812405223,-0.0803954526360032,-0.389791317415568,-0.682650169634501,0.81310648417256,0.600216235875637
mode1248__serb1264,2,493,21,18,35.5,5.5,3.5,93.5,0,Greece,mode1248,serb1264,0.4635,0.2736,0.0135,0.8919,0.4487,0.5332,0.195,0.4932,-1.14882951266827,0.251359941439088,-0.946418799689109,0.238560098462256,-1.33391024926764,-1.14844452668871,-1.4732570872436,0.0371272580224548
mode1248__czec1258,1,482,21,18,20,3,1,102,1,Greece,mode1248,czec1258,0.4769,0.2736,0.0464,0.8831,0.5036,0.4363,0.195,0.502,-0.977991030390434,0.251359941439088,-0.635919359517886,0.19033314228245,-0.73607715401183,-2.07715796698816,-1.4732570872436,0.156817668773856
mode1248__nucl1301,1,523,21,18,21,5,3,102,1,Greece,mode1248,nucl1301,0.5593,0.2736,0.0298,1,0.5932,0.5725,0.2736,0.5247,0.0725381442135695,0.251359941439088,-0.792584730546528,0.83098441244373,0.239621303819147,-0.771783657712776,-0.610933782477239,0.465564523780312
mode1248__russ1263,1,507,21,18,24,5,3,81,1,Georgia,mode1248,russ1263,0.4681,0.3498,0.1481,0.8564,0.4918,0.515,0.2736,0.3971,-1.09018346651319,0.740221246204827,0.32389197985638,0.0440081729641771,-0.864573156270821,-1.32287780443329,-0.610933782477239,-1.26994643211501
hait1244__port1283,14,494.5,,,26.5,4.71428571428571,2.28571428571429,68,0.571428571428571,CapeVerde,hait1244,port1283,0.6148,0,0.2663,0.427,0.655,0.889,0.3695,0.3617,0.780115440215052,-1.50392159378278,1.43942492296393,-2.30924807517315,0.912591891921319,2.26163021075755,0.441188417613021,-1.7514283117286
hait1244__stan1293,11,492.454545454546,,,23.1818181818182,3.72727272727273,2.54545454545455,34.4545454545455,0.454545454545455,SierraLeone,hait1244,stan1293,0.6564,0.1864,0.275,0.9386,0.6939,0.87,0.409,0.4724,1.31047968370445,-0.30807189288601,1.52153267765967,0.494491786370996,1.33619311970731,2.07952953618904,0.874544276878561,-0.245777349208131
hait1244__stan1290,1,537,,,25,2,1,113,0,France,hait1244,stan1290,0.6287,0,0.2822,0,0.6737,0.8583,0.4685,0.4015,0.957328492727135,-1.50392159378278,1.5894839229251,-4.64935151707962,1.11622538702667,1.96739385763895,1.52732082437982,-1.21010122673931
hebr1245__stan1293,248,524.520161290323,25,23,26.5040322580645,2.98790322580645,3.13709677419355,93.3548387096774,0.653225806451613,Israel,hebr1245,stan1293,0.6064,0.6035,0.1521,1,0.6006,0.7193,0.4788,0.5549,0.673022660279693,2.36783427795113,0.361642671670511,0.83098441244373,0.320203542523939,0.635183659479782,1.64032247882121,0.876320251586256
hebr1245__nucl1302,1,475,25,23,22,7,4,90,0,USSR,hebr1245,nucl1302,0.5588,0.6082,0.0551,1,0.5721,0.6539,0.5049,0.4445,0.0661635739793212,2.39798714058103,-0.553811604822153,0.83098441244373,0.00985302859332665,0.00837396912287952,1.92666647696882,-0.625250356022232
hebr1245__ital1282,1,548,25,23,41,1,3,93,1,Israel,hebr1245,ital1282,0.5364,0.5829,0.0969,1,0.4933,0.5647,0.4097,0.6332,-0.219417172514971,2.23567492259451,-0.159316875364489,0.83098441244373,-0.848238918695525,-0.846540776746168,0.882224000966811,1.94129288361293
hebr1245__stan1295,1,566,25,23,13,9,3,118,0,Netherlands,hebr1245,stan1295,0.5021,0.5829,0.1107,1,0.4827,0.5932,0.4498,0.4672,-0.656712690584355,2.23567492259451,-0.0290769886057393,0.83098441244373,-0.963667530894279,-0.57338976489339,1.32216248087942,-0.316503501015777
hebr1245__stan1290,1,541,25,23,24,1,3,93,1,Israel,hebr1245,stan1290,0.5193,0.5829,0.1358,1,0.4731,0.4931,0.4498,0.6082,-0.437427474526238,2.23567492259451,0.207808602527929,0.83098441244373,-1.06820665137617,-1.53277279248859,1.32216248087942,1.60126330761463
hebr1245__swed1254,1,501,25,23,34,1,3,93,1,Israel,hebr1245,swed1254,0.5388,0.6035,0.1394,1,0.4917,0.5587,0.4208,0.6144,-0.188819235390583,2.36783427795113,0.241784225160647,0.83098441244373,-0.865662105442507,-0.904046252925701,1.00400248293763,1.68559064246221
hebr1245__stan1288,2,510.5,25,23,26.5,3.5,3,93,1,Israel,hebr1245,stan1288,0.4914,0.5829,0.1372,1,0.4207,0.4737,0.4097,0.6441,-0.793128493597254,2.23567492259451,0.221021344662875,0.83098441244373,-1.63881601733982,-1.71870716546908,0.882224000966811,2.08954577874819
hind1269__stan1293,93,501.688172043011,13,21,25.5913978494624,5.46236559139785,3.32258064516129,53.4408602150538,0.655913978494624,India,hind1269,stan1293,0.6094,0.3918,0.2707,0.9196,0.6586,0.7597,0.3729,0.4684,0.711270081685179,1.00967235906783,1.48095068395948,0.390365403710053,0.951794062102027,1.02238719908863,0.478489934613093,-0.300182081367859
hind1269__hind1269,1,544,13,21,20,12,3,54,1,India,hind1269,hind1269,0,0,0,0,0,0,0,0,-7.05805611981579,-1.50392159378278,-1.0738273845618,-4.64935151707962,-6.22002518262434,-6.25876450984315,-3.61260879754184,-6.67097621727199
hung1274__stan1293,493,537.975659229209,6,13,25.8255578093306,2.67139959432049,3.40162271805274,94.580121703854,0.906693711967546,Hungary,hung1274,stan1293,0.5979,0.1864,0.0665,1,0.641,0.7323,0.3277,0.4581,0.564654966297483,-0.30807189288601,-0.446222133151881,0.83098441244373,0.760139007885228,0.759778857868768,-0.0174008207996264,-0.440274266679157
hung1274__stan1295,139,539.532374100719,6,13,25.3381294964029,3.28776978417266,3.33093525179856,95.4748201438849,0.942446043165468,Hungary,hung1274,stan1295,0.4912,0,0.0235,1,0.5303,0.5006,0.3064,0.4504,-0.795678321690952,-1.50392159378278,-0.852042070153783,0.83098441244373,-0.445327725171572,-1.46089094726417,-0.251083853770664,-0.545003376086633
hung1274__roma1327,55,540.018181818182,6,13,25.7272727272727,2.87272727272727,3.32727272727273,86.6909090909091,0.890909090909091,Romania,hung1274,roma1327,0.4787,0,0.0146,1,0.5303,0.5295,0.195,0.3944,-0.955042577547142,-1.50392159378278,-0.936037359440223,0.83098441244373,-0.445327725171572,-1.18390623699943,-1.4732570872436,-1.30666962632282
hung1274__stan1290,8,545.875,6,13,27,3.375,3.375,93.375,1,Hungary,hung1274,stan1290,0.5144,0,0.0547,1,0.6083,0.5962,0.3064,0.3122,-0.499898262821865,-1.50392159378278,-0.557586674003566,0.83098441244373,0.404052628743788,-0.544637026803624,-0.251083853770664,-2.42468687220523
hung1274__croa1245,1,516,6,13,19,4,3,85,0,Yugoslavia,hung1274,croa1245,0.5029,0,0.0119,1,0.5349,0.6169,0.195,0.4054,-0.646513378209559,-1.50392159378278,-0.961519076414761,0.83098441244373,-0.395236063273999,-0.346243133984237,-1.4732570872436,-1.15705661288357
hung1274__serb1264,4,513.5,6,13,27.5,4.25,3,86.25,0.75,Yugoslavia,hung1274,serb1264,0.5029,0,0.0139,1,0.5349,0.6169,0.195,0.4054,-0.646513378209559,-1.50392159378278,-0.942643730507696,0.83098441244373,-0.395236063273999,-0.346243133984237,-1.4732570872436,-1.15705661288357
hung1274__ital1282,8,526.25,6,13,26.375,2.125,3.125,96,0.875,Hungary,hung1274,ital1282,0.5033,0,0.0287,1,0.5286,0.6326,0.195,0.4021,-0.641413722022161,-1.50392159378278,-0.802966170795413,0.83098441244373,-0.463839861090241,-0.19577047131446,-1.4732570872436,-1.20194051691535
hung1274__roma1326,2,507.5,6,13,25,1.5,4,91,1,Hungary,hung1274,roma1326,0.5265,0,0.0306,1,0.577,0.6735,0.2736,0.348,-0.345633663153073,-1.50392159378278,-0.785034592183702,0.83098441244373,0.0632115380059573,0.196225191309351,-0.610933782477239,-1.93776451937567
hung1274__norw1258,2,553,6,13,16.5,9.5,3.5,99.5,1,Norway,hung1274,norw1258,0.5245,0.1864,0.0652,1,0.5364,0.5236,0.3695,0.5249,-0.371131944090063,-0.30807189288601,-0.458491107991473,0.83098441244373,-0.378901825698705,-1.24045328857597,0.441188417613021,0.468284760388298
hung1274__stan1288,1,596,6,13,19,1,3,96,1,Hungary,hung1274,stan1288,0.4959,0,0.0743,1,0.5015,0.4862,0.3433,0.5253,-0.735757361489025,-1.50392159378278,-0.372608284114326,0.83098441244373,-0.758945086617245,-1.59890409009505,0.153747316024232,0.47372523360427
hung1274__russ1263,9,545,6,13,27.6666666666667,6.22222222222222,3.77777777777778,95.3333333333333,0.777777777777778,Hungary,hung1274,russ1263,0.5107,0.3498,0.1501,1,0.5209,0.5772,0.2736,0.4706,-0.547070082555296,0.740221246204827,0.342767325763446,0.83098441244373,-0.54768894731009,-0.726737701372142,-0.610933782477239,-0.270259478680008
hung1274__dutc1256,2,527.5,6,13,26.5,1,3.5,91,0,Hungary,hung1274,dutc1256,0.5093,0,0.0493,1,0.5457,0.6104,0.3064,0.4234,-0.56491887921119,-1.50392159378278,-0.608550107952642,0.83098441244373,-0.277629552731873,-0.40854073317873,-0.251083853770664,-0.912235318164797
hung1274__slov1269,15,538.866666666667,6,13,26.0666666666667,2.4,3.26666666666667,90.2666666666667,0.933333333333333,Czechslowakia,hung1274,slov1269,0.6999,0,0.008,1,0.7251,0.7024,0.5859,0.6522,1.86506729408399,-1.50392159378278,-0.998326000933538,0.83098441244373,1.67594526127346,0.473209901574099,2.81532026432347,2.19971536137164
hung1274__hung1274,2,578.5,6,13,23,2,3.5,91,1,Hungary,hung1274,hung1274,0,0,0,0,0,0,0,0,-7.05805611981579,-1.50392159378278,-1.0738273845618,-4.64935151707962,-6.22002518262434,-6.25876450984315,-3.61260879754184,-6.67097621727199
hung1274__poli1260,1,541,6,13,21,18,3,96,1,Hungary,hung1274,poli1260,0.5341,0,0.0229,1,0.521,0.6586,0.2736,0.5007,-0.248740195592509,-1.50392159378278,-0.857704673925903,0.83098441244373,-0.546599998138404,0.0534199254635125,-0.610933782477239,0.139136130821945
hung1274__hebr1245,1,542,6,13,24,2,3,96,1,Hungary,hung1274,hebr1245,0.5893,0.5829,0.0897,1,0.5595,0.6664,0.4477,0.6219,0.455012358268425,2.23567492259451,-0.227268120629924,0.83098441244373,-0.127354567039155,0.128177044496905,1.29912330861467,1.7875995152617
icel1247__stan1293,36,536.638888888889,14,20,27.1666666666667,1.69444444444444,3.38888888888889,108.527777777778,0.722222222222222,Iceland,icel1247,stan1293,0.5505,0,0.0642,0.7323,0.5584,0.6936,0.427,0.4694,-0.0396542919091885,-1.50392159378278,-0.467928780945006,-0.636101515889671,-0.139333007927705,0.388868536510785,1.07202289629071,-0.286580898327927
icel1247__stan1288,1,591,14,20,26,2,4,109,1,Iceland,icel1247,stan1288,0.4744,0.1864,0.1147,0.9248,0.4762,0.4809,0.3433,0.4959,-1.00986388156167,-0.30807189288601,0.00867370320839106,0.418863150543574,-1.03444922705389,-1.64970059405364,0.153747316024232,0.0738504522302708
icel1247__mand1415,1,481,14,20,49,4,4,99,1,Italy,icel1247,mand1415,0.6255,0.641,0.2982,1,0.6053,0.8945,0.3695,0.6167,0.916531243227949,2.60841562872167,1.74048669018163,0.83098441244373,0.371384153593197,2.31434356392213,0.441188417613021,1.71687336345405
icel1247__stan1295,2,504.5,14,20,34,1,1.5,109,1,Iceland,icel1247,stan1295,0.4496,0.1864,0.1025,0.6667,0.4567,0.4086,0.4034,0.4626,-1.32604256518035,-0.30807189288601,-0.106465906824707,-0.995611552866403,-1.24679431553273,-2.342641582017,0.81310648417256,-0.379068942999464
icel1247__ital1282,1,505,14,20,20,2,3,86,1,Romania,icel1247,ital1282,0.4992,0.1864,0.1233,0.9131,0.5046,0.5754,0.3433,0.4676,-0.693685197942991,-0.30807189288601,0.0898376906087716,0.354743220168151,-0.725187662294966,-0.743989344226002,0.153747316024232,-0.311063027799804
nucl1417__stan1293,63,486.126984126984,15,17,28.5873015873016,5.06349206349206,3.04761904761905,36.2698412698413,0.317460317460317,Nigeria,nucl1417,stan1293,0.6286,0.1864,0.2142,1,0.6773,0.7854,0.4878,0.4772,0.956053578680286,-0.30807189288601,0.947722162084886,0.83098441244373,1.15542755720738,1.26870232205763,1.73906178852728,-0.180491670616457
nucl1417__stan1290,1,513,15,17,38,3,4,35,0,Nigeria,nucl1417,stan1290,0.6074,0,0.1926,1,0.665,0.8003,0.5959,0.4329,0.685771800748188,-1.50392159378278,0.743868426288581,0.83098441244373,1.02148680908995,1.41150758790347,2.92503060844133,-0.783024079285443
indo1316__stan1293,1103,502.663644605621,19,20,26.3717135086129,3.28921124206709,3.27470534904805,64.5086128739801,0.787851314596555,Indonesia,indo1316,stan1293,0.59,0.4161,0.4185,1,0.6388,0.7434,0.3277,0.4546,0.463936756596371,1.16556907436714,2.8758387464916,0.83098441244373,0.736182126108128,0.866163988800903,-0.0174008207996264,-0.487878407318919
indo1316__mand1415,9,499.777777777778,19,20,31.5555555555556,2.55555555555556,3.33333333333333,64,0.888888888888889,Indonesia,indo1316,mand1415,0.5505,0.5765,0.2096,1,0.5523,0.7245,0.4576,0.5185,-0.0396542919091885,2.19461570539634,0.904308866498636,0.83098441244373,-0.205758907400573,0.685021738835377,1.40773654929135,0.381237188932733
indo1316__dani1285,1,534,19,20,43,1,4,64,0,Indonesia,indo1316,dani1285,0.58,0.4161,0.4009,1,0.6349,0.8404,0.3277,0.3923,0.336445351911419,1.16556907436714,2.70973570250942,0.83098441244373,0.69371310841236,1.79583585370334,-0.0174008207996264,-1.33523211070668
indo1316__stan1290,4,510.5,19,20,31,4.75,3.25,64,0.5,Indonesia,indo1316,stan1290,0.5814,0.3776,0.4158,1,0.5891,0.828,0.4835,0.4688,0.354294148567313,0.918572220909388,2.85035702951706,0.83098441244373,0.194974387780007,1.67699120293231,1.6918863405566,-0.294741608151886
indo1316__port1283,1,586,19,20,20,40,3,64,1,Indonesia,indo1316,port1283,0.5204,0.3776,0.4299,1,0.5156,0.7608,0.39,0.4158,-0.423403420010894,0.918572220909388,2.98342821816187,0.83098441244373,-0.605403253409468,1.03292986972155,0.66609462305463,-1.01560430926828
indo1316__nucl1643,2,500.5,19,20,22.5,1.5,3.5,64,1,Indonesia,indo1316,nucl1643,0.6378,0.4973,0.2131,1,0.712,0.7608,0.5348,0.4533,1.07334567099044,1.68650789256896,0.937340721836,0.83098441244373,1.53329291978254,1.03292986972155,2.25470040588122,-0.505559945270831
indo1316__stan1295,9,528.888888888889,19,20,31.1111111111111,4,3,64,0.666666666666667,Indonesia,indo1316,stan1295,0.5368,0.3776,0.396,1,0.5448,0.7061,0.4034,0.4906,-0.214317516327572,0.918572220909388,2.66349110503711,0.83098441244373,-0.287430095277051,0.50867161188481,0.81310648417256,0.00176418211863105
indo1316__ital1282,2,525,19,20,27.5,6.5,2,64,1,Indonesia,indo1316,ital1282,0.5533,0.3776,0.3956,1,0.5674,0.7608,0.3433,0.4312,-0.00395669859740167,0.918572220909388,2.6597160358557,0.83098441244373,-0.0413275824759327,1.03292986972155,0.153747316024232,-0.806146090453327
indo1316__indo1316,11,494.363636363636,19,20,24.3636363636364,5,3,64,0.909090909090909,Indonesia,indo1316,indo1316,0,0,0,0,0,0,0,0,-7.05805611981579,-1.50392159378278,-1.0738273845618,-4.64935151707962,-6.22002518262434,-6.25876450984315,-3.61260879754184,-6.67097621727199
indo1316__dutc1256,4,510,19,20,28,4,3,64,0.5,Indonesia,indo1316,dutc1256,0.5629,0.3776,0.4091,1,0.5815,0.7691,0.4034,0.4829,0.118435049900151,0.918572220909388,2.78712462072839,0.83098441244373,0.112214250731844,1.1124791117699,0.81310648417256,-0.102964927288845
ital1282__stan1293,495,531.406060606061,17,18,27.149494949495,3.8040404040404,3.36363636363636,99.0969696969697,0.666666666666667,Italy,ital1282,stan1293,0.5595,0.1864,0.0615,0.9291,0.5724,0.6658,0.2677,0.5064,0.0750879723072682,-0.30807189288601,-0.493410497919544,0.442428595040525,0.0131198761083854,0.122426496878951,-0.675662885506775,0.216662874149556
ital1282__stan1288,24,538.208333333333,17,18,26.2083333333333,6.91666666666667,3.125,99.5,0.625,Italy,ital1282,stan1288,0.4519,0,0.0485,0.5295,0.4257,0.498,0.2871,0.5037,-1.29671954210281,-1.50392159378278,-0.616100246315468,-1.74751364239701,-1.5843685587555,-1.48580998694197,-0.46282481791813,0.179939679941741
ital1282__stan1290,42,524.714285714286,17,18,28.3333333333333,4,3.38095238095238,99.9047619047619,0.738095238095238,Italy,ital1282,stan1290,0.4579,0,0.041,0.5295,0.4625,0.4815,0.359,0.4379,-1.22022469929184,-1.50392159378278,-0.686882793466962,-1.74751364239701,-1.18363526357492,-1.64395004643568,0.32599255628927,-0.715018164085783
ital1282__stan1295,33,550.272727272727,17,18,27.7878787878788,4.27272727272727,3.3030303030303,99.3333333333333,0.636363636363636,Italy,ital1282,stan1295,0.4909,0,0.0257,0.9131,0.4603,0.6188,0.359,0.4819,-0.799503063831501,-1.50392159378278,-0.831279189656011,0.354743220168151,-1.20759214535202,-0.328033066527385,0.32599255628927,-0.116566110328777
ital1282__poli1260,1,519,17,18,21,1,3,100,1,Poland,ital1282,poli1260,0.4776,0,0.0443,0.9047,0.451,0.5744,0.195,0.498,-0.969066632062487,-1.50392159378278,-0.655738472720305,0.308708398360154,-1.30886441831886,-0.753573590255924,-1.4732570872436,0.102412936614128
ital1282__swed1254,1,526,17,18,42,4,4,99,1,Italy,ital1282,swed1254,0.5043,0.1864,0.0774,0.9131,0.4581,0.6188,0.319,0.5422,-0.628664581553666,-0.30807189288601,-0.343351497958375,0.354743220168151,-1.23154902712912,-0.328033066527385,-0.112848820182163,0.703585226979121
ital1282__mode1248,1,462,17,18,31,25,2,103,0,Libya,ital1282,mode1248,0.4422,0.2736,0.0412,0.9047,0.4142,0.4949,0.195,0.5103,-1.42038620464722,0.251359941439088,-0.684995258876256,0.308708398360154,-1.70959771349944,-1.51552114963473,-1.4732570872436,0.269707488005291
ital1282__serb1264,1,532,17,18,23,4,4,85,1,Yugoslavia,ital1282,serb1264,0.4547,0,0.0312,0.9196,0.4676,0.535,0,0.4263,-1.26102194879103,-1.50392159378278,-0.779371988411582,0.390365403710053,-1.12809885581892,-1.13119288383485,-3.61260879754184,-0.872791887348994
ital1282__czec1258,1,498,17,18,28,1,4,99,0,Italy,ital1282,czec1258,0.4623,0,0.0322,0.9131,0.489,0.4949,0,0.4371,-1.16412848123046,-1.50392159378278,-0.769934315458049,0.354743220168151,-0.895063733078039,-1.51552114963473,-3.61260879754184,-0.725899110517729
ital1282__ital1282,3,548.666666666667,17,18,32.3333333333333,6,3.33333333333333,102.333333333333,1,Italy,ital1282,ital1282,0,0,0,0,0,0,0,0,-7.05805611981579,-1.50392159378278,-1.0738273845618,-4.64935151707962,-6.22002518262434,-6.25876450984315,-3.61260879754184,-6.67097621727199
ital1282__mand1415,1,562,17,18,24,1,4,99,1,Italy,ital1282,mand1415,0.6228,0.658,0.3036,1,0.5688,0.8625,0.5049,0.6245,0.882108563963013,2.71747917440431,1.7914501241307,0.83098441244373,-0.0260822940723241,2.00764769096462,1.92666647696882,1.82296259116552
nucl1643__stan1293,235,500.110638297872,26,20,28.8085106382979,5.36595744680851,3.46808510638298,100.863829787234,0.906382978723404,Japan,nucl1643,stan1293,0.6712,0.3881,0.3453,1,0.713,0.7604,0.5587,0.5428,1.49916696263818,0.98593499912514,2.18500108629301,0.83098441244373,1.54418241149941,1.02909617130958,2.5169081283229,0.711745936803079
nucl1643__czec1258,1,558,26,20,24,12,4,101,1,Japan,nucl1643,czec1258,0.6045,0.3455,0.3312,1,0.6345,0.6084,0.5064,0.5688,0.648799293389552,0.712634584649805,2.0519298976482,0.83098441244373,0.689357311725614,-0.427709225238574,1.9431230285865,1.06537669584131
nucl1643__stan1295,8,485.625,26,20,37.75,2.625,3.625,101,0.625,Japan,nucl1643,stan1295,0.5679,0.3455,0.3383,1,0.6143,0.5493,0.4498,0.5211,0.182180752242627,0.712634584649805,2.11893737561828,0.83098441244373,0.46938957904497,-0.994138165606968,1.32216248087942,0.416600264836556
nucl1643__stan1290,5,507.6,26,20,29.8,6.6,3.4,101,1,Japan,nucl1643,stan1290,0.6263,0.3455,0.3549,1,0.7123,0.6599,0.4498,0.5014,0.926730555602746,0.712634584649805,2.27560274664692,0.83098441244373,1.5365597672976,0.0658794453024119,1.32216248087942,0.148656958949896
nucl1643__mand1415,2,516.5,26,20,27.5,2,4,101,1,Japan,nucl1643,mand1415,0.5944,0.5922,0.0714,1,0.5659,0.7675,0.5049,0.5646,0.520032974657751,2.2953390975856,-0.399977535679571,0.83098441244373,-0.0576618200512287,1.09714431812202,1.92666647696882,1.0082517270736
nucl1643__stan1288,3,506,26,20,37,3,4,101,0.666666666666667,Japan,nucl1643,stan1288,0.6482,0.3455,0.3786,1,0.6976,0.628,0.5903,0.5823,1.20593673186279,0.712634584649805,2.49927559564565,0.83098441244373,1.37648423905971,-0.239858003052102,2.86359281573533,1.24899266688039
nucl1643__port1283,1,498,26,20,32,2,4,101,1,Japan,nucl1643,port1283,0.6052,0.3455,0.3784,1,0.6392,0.743,0.5348,0.454,0.657723691717497,0.712634584649805,2.49738806105494,0.83098441244373,0.740537922794873,0.862330290388934,2.25470040588122,-0.496039117142878
nucl1643__dutc1256,1,565,26,20,48,2,4,101,1,Japan,nucl1643,dutc1256,0.6012,0.3455,0.3406,1,0.6638,0.5869,0.5273,0.5141,0.606727129843517,0.712634584649805,2.14064402341141,0.83098441244373,1.00841941902972,-0.633770514881899,2.17241764779282,0.321391983557032
nucl1643__swed1254,2,529,26,20,30.5,6.5,3.5,101,1,Japan,nucl1643,swed1254,0.6402,0.3881,0.3042,1,0.6816,0.6517,0.5792,0.5749,1.10394360811483,0.98593499912514,1.79711272790282,0.83098441244373,1.20225237158989,-0.0127113721429499,2.74181433376451,1.1483439123849
nucl1643__alba1267,1,498,26,20,29,2,4,101,0,Japan,nucl1643,alba1267,0.6318,0.4225,0.3395,1,0.6848,0.597,0.5792,0.5737,0.99685082817947,1.20662829156532,2.13026258316252,0.83098441244373,1.23709874508385,-0.536969629979686,2.74181433376451,1.13202249273698
java1254__indo1316,12,503.416666666667,12,17,26.0833333333333,4.16666666666667,3.25,64,0.5,Indonesia,java1254,indo1316,0.3548,0.3776,0.0314,0.6854,0.2972,0.4878,0.39,0.3606,-2.5346610815937,0.918572220909388,-0.777484453820875,-0.893129270984316,-2.98366824437248,-1.58356929644717,0.66609462305463,-1.76638961307252
java1254__stan1293,12,490.333333333333,12,17,26,3.83333333333333,2.91666666666667,64,0.666666666666667,Indonesia,java1254,stan1293,0.5993,0.1864,0.4052,1,0.6407,0.8019,0.427,0.4438,0.582503762953377,-0.30807189288601,2.75031769620961,0.83098441244373,0.756872160370169,1.42684238155134,1.07202289629071,-0.634771184150185
kiny1244__stan1290,47,495.617021276596,13,16,29.9574468085106,5.06382978723404,3.25531914893617,16,0.425531914893617,Rwanda,kiny1244,stan1290,0.5555,0,0.2392,1,0.6227,0.6215,0.5399,0.4336,0.0240914104332875,-1.50392159378278,1.1836639859232,0.83098441244373,0.560861309466625,-0.302155602246595,2.31065268138133,-0.773503251157491
kiny1244__stan1293,18,496.111111111111,13,16,21.6111111111111,9.33333333333333,2.94444444444444,16,0.5,Rwanda,kiny1244,stan1293,0.6736,0.1864,0.2595,1,0.7326,0.7771,0.5804,0.5182,1.52976489976257,-0.30807189288601,1.37524874687991,0.83098441244373,1.75761644914993,1.18915308000928,2.75497957505865,0.377156834020753
kiny1244__stan1288,1,605,13,16,13,3,2,16,1,Rwanda,kiny1244,stan1288,0.5773,0,0.2209,1,0.5877,0.5849,0.6224,0.5337,0.302022672646483,-1.50392159378278,1.01095457087355,0.83098441244373,0.179729099376398,-0.652939006941743,3.21576302035365,0.587975171139698
kiny1244__swah1253,1,479,13,16,34,9,3,16,1,Rwanda,kiny1244,swah1253,0.4696,0.5335,0.0475,0.5354,0.4947,0.4313,0.4934,0.4467,-1.07105975581045,1.91874908984612,-0.625537919269,-1.71517966041282,-0.832993630291917,-2.12507919713777,1.80049958123328,-0.595327753334382
kore1280__stan1293,56,498.75,22,22,26.8035714285714,4.17857142857143,3.44642857142857,97.8214285714286,0.839285714285714,"Korea,South",kore1280,stan1293,0.6664,0.3141,0.3292,1,0.7212,0.7699,0.5587,0.4866,1.4379710883894,0.511187800271272,2.03305455174114,0.83098441244373,1.63347624357769,1.12014650859384,2.5169081283229,-0.0526405500410969
kore1280__stan1288,1,530,22,22,27,2,4,97,1,"Korea,South",kore1280,stan1288,0.6323,0.2566,0.3622,1,0.6964,0.5698,0.5903,0.5505,1.00322539841372,0.142296395756443,2.34449775920771,0.83098441244373,1.36341684899947,-0.797661121993566,2.86359281573533,0.816475046210556
kore1280__roma1327,1,497,22,22,32,2,4,97,1,"Korea,South",kore1280,roma1327,0.6263,0.2566,0.3029,1,0.6565,0.6293,0.5903,0.5696,0.926730555602746,0.142296395756443,1.78484375306323,0.83098441244373,0.928926129496613,-0.227398483213204,2.86359281573533,1.07625764227326
kore1280__stan1295,1,479,22,22,35,2,4,97,1,"Korea,South",kore1280,stan1295,0.5823,0.2566,0.3199,1,0.626,0.5559,0.5273,0.5227,0.365768374988959,0.142296395756443,1.94528419327328,0.83098441244373,0.596796632132274,-0.930882141809483,2.17241764779282,0.438362157700448
kore1280__mand1415,1,503,22,22,27,2,3,97,1,"Korea,South",kore1280,mand1415,0.5603,0.6244,0.0436,1,0.5122,0.8044,0.4208,0.5505,0.0852872846820647,2.50191828411391,-0.662344843787778,0.83098441244373,-0.642427525246804,1.45080299662615,1.00400248293763,0.816475046210556
kurd1259__stan1293,145,501.579310344828,11,22,27.848275862069,4.42758620689655,3.39310344827586,53.3103448275862,0.227586206896552,Iraq,kurd1259,stan1293,0.6263,0.4161,0.1637,0.9131,0.7205,0.6236,0.3548,0.4991,0.926730555602746,1.16556907436714,0.471119677931489,0.354743220168151,1.62585359937588,-0.282028685583759,0.279914211759769,0.117374237958053
kurd1259__nucl1301,159,490.075471698113,11,22,24.6918238993711,5.11320754716981,2.83647798742138,78.9496855345912,0.232704402515723,Turkey,kurd1259,nucl1301,0.535,0.3776,0.0502,1,0.5952,0.4632,0.4034,0.5051,-0.237265969170863,0.918572220909388,-0.600056202294462,0.83098441244373,0.261400287252875,-1.81934174878326,0.81310648417256,0.198981336197645
kurd1259__kurd1259,3,486.666666666667,11,22,27.3333333333333,1.33333333333333,2.66666666666667,68.3333333333333,0.333333333333333,Turkey,kurd1259,kurd1259,0,0,0,0,0,0,0,0,-7.05805611981579,-1.50392159378278,-1.0738273845618,-4.64935151707962,-6.22002518262434,-6.25876450984315,-3.61260879754184,-6.67097621727199
kurd1259__russ1263,10,488.1,11,22,30.6,3.5,3,66.2,0.2,Syria,kurd1259,russ1263,0.581,0.5,0.116,0.8691,0.6169,0.6041,0.4034,0.5149,0.349194492379914,1.70382974982443,0.0209426780479835,0.113608439269123,0.497702257508815,-0.46892148316724,0.81310648417256,0.332272929988978
kurd1259__roma1327,2,513.5,11,22,35.5,3.5,4,63,0,Iraq,kurd1259,roma1327,0.4952,0.3776,0.0875,0.9078,0.5719,0.422,0.359,0.4225,-0.744681759816972,0.918572220909388,-0.248031001127696,0.325697439741677,0.00767513024995296,-2.21421268521605,0.32599255628927,-0.924476382900736
kurd1259__port1283,4,507.75,11,22,19,4.75,2.75,79,0.25,Turkey,kurd1259,port1283,0.5818,0.3776,0.1728,0.9214,0.6233,0.6636,0.4034,0.5045,0.359393804754711,0.918572220909388,0.557002501808636,0.400230008383195,0.567395004496742,0.101341155613123,0.81310648417256,0.190820626373685
kurd1259__stan1290,5,516.4,11,22,24.8,4.8,2.8,76.8,0.6,Morocco,kurd1259,stan1290,0.6059,0.3776,0.1532,0.9248,0.695,0.6215,0.4246,0.5284,0.666648090045445,0.918572220909388,0.372024111919397,0.418863150543574,1.34817156059586,-0.302155602246595,1.04569241370242,0.515888901028059
kurd1259__stan1295,6,520.833333333333,11,22,27.8333333333333,2.66666666666667,3.33333333333333,73.5,0.166666666666667,Turkey,kurd1259,stan1295,0.5283,0.3776,0.124,0.8934,0.612,0.4315,0.3445,0.493,-0.322685210309782,0.918572220909388,0.0964440616762444,0.246780602356541,0.444343748096184,-2.12316234793179,0.166912557318375,0.0344070214144679
kurd1259__roma1326,1,531,11,22,30,4,4,90,1,USSR,kurd1259,roma1326,0.5954,0.3776,0.1294,0.9214,0.6576,0.6495,0.4034,0.5019,0.532782115126246,0.918572220909388,0.14740749562532,0.400230008383195,0.940904570385163,-0.0337967134087782,0.81310648417256,0.155457550469863
kurd1259__dani1285,1,485,11,22,22,2,2,77,1,Iran,kurd1259,dani1285,0.6055,0.4161,0.1405,0.8934,0.6777,0.7143,0.3548,0.4888,0.661548433858047,1.16556907436714,0.252165665409533,0.246780602356541,1.15978335389412,0.587262429330172,0.279914211759769,-0.0227179473532461
kurd1259__swed1254,3,509,11,22,23.6666666666667,3.33333333333333,2.66666666666667,68.3333333333333,1,Turkey,kurd1259,swed1254,0.6166,0.4161,0.1352,0.8934,0.6557,0.6661,0.3931,0.5964,0.803063893058344,1.16556907436714,0.20214599875581,0.246780602356541,0.920214536123122,0.125301770687928,0.700104829731166,1.44076934774343
kurd1259__norw1258,1,511,11,22,25,1,4,47,1,Iraq,kurd1259,norw1258,0.57,0.4161,0.1489,0.8831,0.5853,0.4667,0.4685,0.6064,0.208953947226467,1.16556907436714,0.331442118219206,0.19033314228245,0.153594319255926,-1.78579688767853,1.52732082437982,1.57678117814275
kurd1259__czec1258,2,492.5,11,22,37.5,5,4,47,0.5,Iraq,kurd1259,czec1258,0.5341,0.3776,0.1184,0.8934,0.5571,0.5467,0.359,0.5104,-0.248740195592509,0.918572220909388,0.0435930931364618,0.246780602356541,-0.153489347159627,-1.01905720528477,0.32599255628927,0.271067606309284
kurd1259__poli1260,2,519.5,11,22,31,2.5,4,67,0,Syria,kurd1259,poli1260,0.5693,0.3776,0.113,0.8831,0.6149,0.6153,0.3064,0.48,0.200029548898521,0.918572220909388,-0.00737034081261431,0.19033314228245,0.475923274075088,-0.361577927632113,-0.251083853770664,-0.142408358104648
kurd1259__nucl1235,1,521,11,22,28,6,3,88,0,Armenia,kurd1259,nucl1235,0.5426,0.4196,0.0187,0.8485,0.6045,0.4813,0.4246,0.4757,-0.140372501610301,1.18802333377239,-0.89734290033074,0.000713519120942566,0.362672560219707,-1.64586689564167,1.04569241370242,-0.200893445176355
kurd1259__dutc1256,2,552.5,11,22,24.5,4.5,3,57,0.5,Iraq,kurd1259,dutc1256,0.5662,0.3776,0.1475,0.9131,0.6679,0.5307,0.3445,0.4871,0.160507213446186,0.918572220909388,0.318229376084261,0.354743220168151,1.05306633506886,-1.17240514176352,0.166912557318375,-0.0458399585211309
latv1249__stan1293,44,526.568181818182,7,18,26.6363636363636,2.47727272727273,3.47727272727273,95.0909090909091,0.909090909090909,Latvia,latv1249,stan1293,0.592,0.1864,0.0683,0.8767,0.6234,0.6946,0.3277,0.4796,0.489435037533361,-0.30807189288601,-0.429234321835522,0.155258992333501,0.568483953668428,0.398452782540707,-0.0174008207996264,-0.14784883132062
latv1249__russ1263,23,526.173913043478,7,18,27.5652173913044,2.82608695652174,3.04347826086957,92.9130434782609,0.91304347826087,USSR,latv1249,russ1263,0.4353,0.3498,0.1216,0.6082,0.4683,0.4299,0.2736,0.4097,-1.50835527387983,0.740221246204827,0.0737936465877661,-1.31621120474352,-1.12047621161712,-2.13849714157966,-0.610933782477239,-1.09857152581186
latv1249__dani1285,1,551,7,18,22,3,3,90,1,USSR,latv1249,dani1285,0.4353,0.1864,0.0395,0.8485,0.4715,0.5397,0.1864,0.3025,-1.50835527387983,-0.30807189288601,-0.701039302897261,0.000713519120942566,-1.08562983812315,-1.08614692749422,-1.56760798318496,-2.55661834769257
latv1249__dutc1256,1,591,7,18,23,2,3,90,1,USSR,latv1249,dutc1256,0.5232,0,0.0558,0.8767,0.5338,0.5653,0.4034,0.4885,-0.387705826699107,-1.50392159378278,-0.54720523375468,0.155258992333501,-0.407214504162549,-0.840790229128215,0.81310648417256,-0.026798302265226
latv1249__stan1295,5,527,7,18,26,1.6,3.2,91.8,1,USSR,latv1249,stan1295,0.4945,0,0.0497,0.8485,0.4932,0.4893,0.4034,0.4973,-0.753606158144919,-1.50392159378278,-0.604775038771229,0.000713519120942566,-0.849327867867211,-1.56919292740229,0.81310648417256,0.0928921084861757
lith1251__stan1293,105,522.990476190476,7,18,24.752380952381,2.52380952380952,3.2952380952381,95.0666666666667,0.961904761904762,USSR,lith1251,stan1293,0.6047,0.1864,0.0673,0.8767,0.6613,0.6723,0.3333,0.4694,0.651349121483251,-0.30807189288601,-0.438671994789055,0.155258992333501,0.981195689737559,0.184724096073445,0.0440369719063741,-0.286580898327927
lith1251__russ1263,69,523.202898550725,7,18,27.9130434782609,3.34782608695652,3.14492753623188,92.5652173913043,0.971014492753623,USSR,lith1251,russ1263,0.4519,0.3498,0.1244,0.6082,0.4826,0.4839,0.2804,0.3825,-1.29671954210281,0.740221246204827,0.100219130857657,-1.31621120474352,-0.964756480065966,-1.62094785596387,-0.536330748477096,-1.46852370449801
lith1251__stan1295,12,530.25,7,18,26.25,2.33333333333333,3.25,93.3333333333333,1,USSR,lith1251,stan1295,0.5227,0,0.044,0.8485,0.5272,0.5587,0.4078,0.5022,-0.394080396933354,-1.50392159378278,-0.658569774606365,0.000713519120942566,-0.47908514949385,-0.904046252925701,0.861379035584418,0.159537905381842
lith1251__dutc1256,1,523,7,18,25,2,1,90,1,USSR,lith1251,dutc1256,0.5439,0,0.0534,0.8767,0.5532,0.6241,0.4078,0.4954,-0.123798619001256,-1.50392159378278,-0.569855648843158,0.155258992333501,-0.195958364855396,-0.277236562568798,0.861379035584418,0.0670498607103048
lith1251__stan1290,1,528,7,18,29,1,4,90,1,USSR,lith1251,stan1290,0.5285,0,0.0699,0.8934,0.5754,0.5032,0.4078,0.4824,-0.320135382216083,-1.50392159378278,-0.41413404510987,0.246780602356541,0.0457883512589762,-1.43597190758637,0.861379035584418,-0.109765518808811
stan1306__stan1293,42,507,16,19,27.7857142857143,3.33333333333333,3.02380952380952,77.452380952381,0.928571428571429,Malaysia,stan1306,stan1293,0.6287,0.641,0.3806,1,0.6707,0.8344,0.1864,0.4951,0.957328492727135,2.60841562872167,2.51815094155271,0.83098441244373,1.08355691187608,1.73833037752381,-1.56760798318496,0.0629695057983249
stan1306__mand1415,4,504.25,16,19,23.75,3.25,3,69,1,Malaysia,stan1306,mand1415,0.5962,0,0.1742,1,0.5871,0.6969,0.4576,0.5945,0.542981427501041,-1.50392159378278,0.570215243943581,0.83098441244373,0.17319540434628,0.420496548409527,1.40773654929135,1.41492709996756
stan1306__dutc1256,1,525,16,19,19,51,3,64,1,Indonesia,stan1306,dutc1256,0.5869,0.658,0.3699,1,0.6276,0.7992,0.3064,0.4829,0.424414421144036,2.71747917440431,2.41716784094991,0.83098441244373,0.614219818879256,1.40096491727055,-0.251083853770664,-0.102964927288845
mala1464__stan1293,21,519.571428571429,,,29,3.9047619047619,3.14285714285714,58.6666666666667,0.380952380952381,India,mala1464,stan1293,0.6577,0.6336,0.314,1,0.7383,0.7268,0.3729,0.5076,1.32705356631349,2.56094090883628,1.88960192284744,0.83098441244373,1.81968655193606,0.707065504704197,0.478489934613093,0.232984293797475
mong1331__stan1295,3,504.333333333333,21,25,37.3333333333333,2,2.66666666666667,92,0.666666666666667,Mongolia,mong1331,stan1295,0.5445,0.5253,0.2499,1,0.6206,0.4533,0.4034,0.5065,-0.11614913472016,1.86614196781096,1.284647086526,0.83098441244373,0.537993376861211,-1.91422578447949,0.81310648417256,0.218022992453549
mong1331__mand1415,3,475,21,25,30.3333333333333,2,4,67,1,China,mong1331,mand1415,0.626,0.5765,0.0506,1,0.6004,0.886,0.3695,0.6233,0.922905813462198,2.19461570539634,-0.596281133113049,0.83098441244373,0.318025644180566,2.23287747266779,0.441188417613021,1.8066411715176
mong1331__stan1293,19,498.736842105263,21,25,26.9473684210526,4.63157894736842,3.21052631578947,89.5789473684211,0.894736842105263,Mongolia,mong1331,stan1293,0.6572,0.4867,0.2656,1,0.7446,0.7264,0.3277,0.5109,1.32067899607925,1.61850356408448,1.43281855189646,0.83098441244373,1.8882903497523,0.703231806292229,-0.0174008207996264,0.27786819782925
mong1331__russ1263,7,482.142857142857,21,25,30.5714285714286,4.42857142857143,3.57142857142857,92,1,Mongolia,mong1331,russ1263,0.5858,0.5,0.0965,1,0.6374,0.5872,0.2736,0.5412,0.410390366628691,1.70382974982443,-0.163091944545902,0.83098441244373,0.720936837704519,-0.630895241072921,-0.610933782477239,0.689984043939189
mong1331__hung1274,1,489,21,25,24,3,4,92,1,Mongolia,mong1331,hung1274,0.5597,0.5253,0.238,1,0.6013,0.5236,0.39,0.5418,0.077637800400967,1.86614196781096,1.17233877837896,0.83098441244373,0.327826186725743,-1.24045328857597,0.66609462305463,0.698144753763147
nepa1254__stan1293,32,498.6875,20,21,25.4375,2.9375,3.1875,47,0.46875,Nepal,nepa1254,stan1293,0.6252,0.1864,0.2774,0.9047,0.6956,0.6892,0.2677,0.5014,0.912706501087401,-0.30807189288601,1.54418309274815,0.308708398360154,1.35470525562598,0.346697853979128,-0.675662885506775,0.148656958949896
nepa1254__hind1269,3,498.333333333333,20,21,25.6666666666667,6.66666666666667,3.66666666666667,46,0.333333333333333,Nepal,nepa1254,hind1269,0.4506,0.4287,0.0308,0.6614,0.4955,0.485,0.3862,0.3787,-1.31329342471186,1.24640440822605,-0.783147057592995,-1.02465733329288,-0.824282036918426,-1.61040518533096,0.624404692289844,-1.52020820004976
nepa1254__dutc1256,1,371,20,21,36,16,4,46,0,Nepal,nepa1254,dutc1256,0.5795,0,0.2646,0.9047,0.6413,0.5096,0.359,0.557,0.330070781677172,-1.50392159378278,1.42338087894293,0.308708398360154,0.763405855400287,-1.37463273299487,0.32599255628927,0.904882735970114
norw1258__stan1293,191,549.047120418848,14,24,26.738219895288,2.40314136125654,3.05789473684211,111.952879581152,0.832460732984293,Norway,norw1258,stan1293,0.5311,0,0.0423,0.7048,0.5352,0.6356,0.409,0.4769,-0.286987616997995,-1.50392159378278,-0.67461381862737,-0.786810753951563,-0.391969215758941,-0.167017733224694,0.874544276878561,-0.184572025528437
norw1258__ital1282,2,550.5,14,24,21.5,12,3,113,1,Norway,norw1258,ital1282,0.5565,0.1864,0.0776,0.9047,0.4769,0.641,0.4208,0.639,0.0368405509017827,-0.30807189288601,-0.341463963367669,0.308708398360154,-1.02682658285209,-0.115262804663115,1.00400248293763,2.02017974524453
norw1258__stan1288,1,548,14,24,23,1,1,113,0,Norway,norw1258,stan1288,0.5084,0.1864,0.0942,0.9176,0.384,0.5169,0.5049,0.6445,-0.576393105632836,-0.30807189288601,-0.184798592339027,0.379404731851006,-2.03846036334872,-1.30466773697644,1.92666647696882,2.09498625196416
norw1258__swed1254,3,568,14,24,34.6666666666667,5.33333333333333,2.66666666666667,109.666666666667,1,Norway,norw1258,swed1254,0.4624,0,0.017,0.4788,0.4059,0.6764,0.2513,0.4852,-1.16285356718361,-1.50392159378278,-0.913386944351745,-2.02536667402384,-1.7999804947494,0.224019504796125,-0.855587849860063,-0.071682206297001
norw1258__stan1295,5,545.6,14,24,30.8,2.4,3.8,108.2,1,Norway,norw1258,stan1295,0.4014,0.1864,0.0524,0.631,0.3259,0.3344,0.3931,0.5021,-1.94055113576182,-0.30807189288601,-0.579293321796691,-1.19125954555039,-2.67113983209849,-3.05379263743722,0.700104829731166,0.158177787077849
norw1258__stan1290,1,566,14,24,21,0,3,113,1,Norway,norw1258,stan1290,0.5245,0.1864,0.0588,0.9176,0.4839,0.5985,0.4685,0.5505,-0.371131944090063,-0.30807189288601,-0.518892214894082,0.379404731851006,-0.950600140834043,-0.522593260934802,1.52732082437982,0.816475046210556
norw1258__russ1263,1,551,14,24,42,5,2,113,1,Norway,norw1258,russ1263,0.5529,0.3918,0.149,0.8564,0.4938,0.5245,0.3695,0.6556,-0.00905635478480059,1.00967235906783,0.33238588551456,0.0440081729641771,-0.842794172837093,-1.23182746714904,0.441188417613021,2.2459593837074
papi1253__stan1288,76,533.842105263158,,,27.8026315789474,3.14473684210526,2.46052631578947,99.4078947368421,0.789473684210526,Aruba,papi1253,stan1288,0.6198,0,0.2806,0.1864,0.6188,0.7883,0.4208,0.5489,0.843861142557528,-1.50392159378278,1.57438364619945,-3.62781689981647,0.518392291770856,1.2964966355444,1.00400248293763,0.794713153346666
papi1253__stan1293,38,535.973684210526,,,28.6052631578947,4.34210526315789,2.63157894736842,99.6578947368421,0.605263157894737,Aruba,papi1253,stan1293,0.5854,0.1864,0.2864,0.9359,0.6205,0.7413,0.3141,0.4313,0.405290710441294,-0.30807189288601,1.62912214932994,0.479694879361283,0.536904427689525,0.846037072138067,-0.166606888799914,-0.804785972149334
papi1253__dutc1256,10,529.3,,,31.3,4.6,1.8,100,0.9,Aruba,papi1253,dutc1256,0.6119,0,0.2993,0.9359,0.6715,0.7509,0.3931,0.4163,0.743142932856416,-1.50392159378278,1.75086813043051,0.479694879361283,1.09226850524957,0.938045834025319,0.700104829731166,-1.00880371774831
papi1253__ital1282,3,518,,,28.3333333333333,2.33333333333333,2.66666666666667,100,1,Aruba,papi1253,ital1282,0.5994,0,0.3179,0.5032,0.6375,0.8088,0.319,0.3697,0.583778677000227,-1.50392159378278,1.92640884736622,-1.89164647734347,0.722025786876205,1.49297367915781,-0.112848820182163,-1.64261884740914
poli1260__stan1293,1733,528.179457587998,14,25,25.3606462781304,3.08886324293133,3.39699942296596,99.9936526255049,0.929024812463935,Poland,poli1260,stan1293,0.5977,0.1864,0.0549,0.9047,0.6206,0.6689,0.1864,0.5472,0.562105138203784,-0.30807189288601,-0.555699139412859,0.308708398360154,0.537993376861211,0.15213765957171,-1.56760798318496,0.771591142178781
poli1260__stan1295,313,530.50159744409,14,25,27.2204472843451,3.2332268370607,3.36741214057508,100.105431309904,0.939297124600639,Poland,poli1260,stan1295,0.5574,0,0.0232,0.8831,0.5398,0.6114,0.3064,0.5805,0.0483147773234285,-1.50392159378278,-0.854873372039843,0.19033314228245,-0.341877553861369,-0.398956487148808,-0.251083853770664,1.22451053740852
poli1260__stan1290,27,523.407407407407,14,25,28.8148148148148,2.37037037037037,3.44444444444444,100,0.925925925925926,Poland,poli1260,stan1290,0.558,0,0.0519,0.9176,0.5524,0.6361,0.4034,0.5239,0.0559642616045262,-1.50392159378278,-0.584012158273457,0.379404731851006,-0.204669958228887,-0.162225610209733,0.81310648417256,0.454683577348366
poli1260__russ1263,167,519.814371257485,14,25,29.1017964071856,3.88023952095808,3.2874251497006,100.017964071856,0.970059880239521,Poland,poli1260,russ1263,0.4797,0.3498,0.1425,0.5319,0.4809,0.5062,0.2736,0.4949,-0.942293437078647,0.740221246204827,0.271041011316598,-1.73436083616615,-0.983268615984634,-1.40721916949661,-0.610933782477239,0.0602492691903388
poli1260__serb1264,3,533.333333333333,14,25,26,5.33333333333333,3,100,1,Poland,poli1260,serb1264,0.4569,0,0.0359,0.6614,0.4378,0.5552,0.195,0.4554,-1.23297383976034,-1.50392159378278,-0.735014925529979,-1.02465733329288,-1.45260570898145,-0.937591114030427,-1.4732570872436,-0.476997460886974
poli1260__stan1288,6,505.166666666667,14,25,22,3.5,2.83333333333333,91.5,1,Poland,poli1260,stan1288,0.5154,0,0.0807,0.9176,0.5233,0.5753,0.3433,0.4801,-0.48714912235337,-1.50392159378278,-0.312207177211718,0.379404731851006,-0.521554167189618,-0.744947768828994,0.153747316024232,-0.141048239800654
poli1260__dutc1256,16,531.5,14,25,24.625,3.3125,3.25,100,0.875,Poland,poli1260,dutc1256,0.5296,0,0.0385,0.9047,0.5261,0.564,0.3064,0.5368,-0.306111327700738,-1.50392159378278,-0.710476975850794,0.308708398360154,-0.491063590382399,-0.853249748967114,-0.251083853770664,0.630138838563489
poli1260__norw1258,1,565,14,25,25,1,4,100,1,Poland,poli1260,norw1258,0.5858,0.1864,0.0434,0.8718,0.534,0.6553,0.3695,0.6385,0.410390366628691,-0.30807189288601,-0.664232378378484,0.128405346278837,-0.405036605819177,0.02179191356477,0.441188417613021,2.01337915372457
poli1260__dani1285,1,479,14,25,33,5,4,100,1,Poland,poli1260,dani1285,0.5046,0.1864,0.0289,0.8831,0.5021,0.6226,0.1864,0.4653,-0.624839839413117,-0.30807189288601,-0.801078636204707,0.19033314228245,-0.752411391587126,-0.291612931613681,-1.56760798318496,-0.342345748791648
poli1260__mode1248,3,531.333333333333,14,25,30,5.33333333333333,3,100,0.666666666666667,Poland,poli1260,mode1248,0.4593,0.2736,0.0477,0.8718,0.4466,0.453,0.2736,0.5329,-1.20237590263595,0.251359941439088,-0.623650384678294,0.128405346278837,-1.35677818187306,-1.91710105828846,-0.610933782477239,0.577094224707754
poli1260__poli1260,1,525,14,25,35,2,3,100,1,Poland,poli1260,poli1260,0,0,0,0,0,0,0,0,-7.05805611981579,-1.50392159378278,-1.0738273845618,-4.64935151707962,-6.22002518262434,-6.25876450984315,-3.61260879754184,-6.67097621727199
poli1260__ital1282,22,512.727272727273,14,25,27.2727272727273,3.72727272727273,3.13636363636364,100,0.863636363636364,Poland,poli1260,ital1282,0.4776,0,0.0443,0.9047,0.451,0.5744,0.195,0.498,-0.969066632062487,-1.50392159378278,-0.655738472720305,0.308708398360154,-1.30886441831886,-0.753573590255924,-1.4732570872436,0.102412936614128
poli1260__ukra1253,1,508,14,25,24,4,4,100,1,Poland,poli1260,ukra1253,0.4608,0.3498,0.0239,0.5903,0.4477,0.5552,0.195,0.4504,-1.18325219193321,0.740221246204827,-0.84826700097237,-1.41430921788199,-1.34479974098451,-0.937591114030427,-1.4732570872436,-0.545003376086633
poli1260__roma1326,2,543,14,25,29.5,4,3,95,1,Poland,poli1260,roma1326,0.5014,0,0.0355,0.9139,0.4996,0.5803,0.2736,0.4801,-0.665637088912302,-1.50392159378278,-0.738789994711392,0.35912748891177,-0.779635120879285,-0.697026538679384,-0.610933782477239,-0.141048239800654
poli1260__czec1258,5,523.2,14,25,29.2,3.4,3.6,100,0.8,Poland,poli1260,czec1258,0.4749,0,0.0137,0.4788,0.4788,0.5298,0.195,0.4653,-1.00348931132742,-1.50392159378278,-0.944531265098403,-2.02536667402384,-1.00613654859005,-1.18103096319045,-1.4732570872436,-0.342345748791648
poli1260__roma1327,1,508,14,25,24,1,3,100,1,Poland,poli1260,roma1327,0.5056,0,0.0301,0.8989,0.4977,0.6017,0.195,0.4856,-0.612090698944621,-1.50392159378278,-0.789753428660468,0.276922449968919,-0.800325155141326,-0.491923673639052,-1.4732570872436,-0.0662417330810288
poli1260__swed1254,2,551.5,14,25,36.5,1,3.5,100,1,Poland,poli1260,swed1254,0.5494,0.1864,0.0366,0.8831,0.5374,0.6388,0.2566,0.5444,-0.0536783464245331,-0.30807189288601,-0.728408554462506,0.19033314228245,-0.368012333981841,-0.136348145928944,-0.797441367477598,0.733507829666971
poli1260__hung1274,1,570,14,25,30,1,4,100,1,Poland,poli1260,hung1274,0.5341,0,0.0229,1,0.521,0.6586,0.2736,0.5007,-0.248740195592509,-1.50392159378278,-0.857704673925903,0.83098441244373,-0.546599998138404,0.0534199254635125,-0.610933782477239,0.139136130821945
poli1260__alba1267,1,514,14,25,23,1,4,100,1,Poland,poli1260,alba1267,0.5219,0.2566,0.044,0.7048,0.5114,0.5954,0.3695,0.5007,-0.40427970930815,0.142296395756443,-0.658569774606365,-0.786810753951563,-0.651139118620295,-0.552304423627561,0.441188417613021,0.139136130821945
poli1260__nucl1301,1,548,14,25,32,14,3,100,1,Poland,poli1260,nucl1301,0.5734,0,0.0707,1,0.5895,0.6361,0.2736,0.5389,0.252301024819352,-1.50392159378278,-0.406583906747044,0.83098441244373,0.199330184466753,-0.162225610209733,-0.610933782477239,0.658701322947346
port1283__stan1293,816,517.09681372549,15,18,27.0441176470588,3.7843137254902,3.21936274509804,95.171568627451,0.785539215686275,Brazil,port1283,stan1293,0.5261,0.1864,0.0512,0.9359,0.5368,0.6902,0.3277,0.4235,-0.350733319340471,-0.30807189288601,-0.59061852934093,0.479694879361283,-0.374546029011958,0.35628210000905,-0.0174008207996264,-0.910875199860804
port1283__stan1290,72,508.402777777778,15,18,26.5833333333333,5.23611111111111,2.79166666666667,63.8333333333333,0.569444444444445,Angola,port1283,stan1290,0.4183,0,0.0339,0.427,0.4326,0.4467,0.3064,0.3947,-1.72509066184425,-1.50392159378278,-0.753890271437044,-2.30924807517315,-1.50923106590915,-1.97748180827697,-0.251083853770664,-1.30258927141084
port1283__ital1282,20,508.7,15,18,27.1,4.15,3.05,94.05,0.7,Brazil,port1283,ital1282,0.2853,0,0.0568,0.5032,0.2863,0.1707,0.195,0.351,-3.42072634415411,-1.50392159378278,-0.537767560801147,-1.89164647734347,-3.10236370408629,-4.62273371253546,-1.4732570872436,-1.89696097025587
port1283__stan1288,136,512.323529411765,15,18,26.0220588235294,5.93382352941176,2.875,90.9558823529412,0.808823529411765,Brazil,port1283,stan1288,0.4263,0,0.0129,0.1864,0.3782,0.498,0.3433,0.4797,-1.62309753809629,-1.50392159378278,-0.952081403461229,-3.62781689981647,-2.10161941530653,-1.48580998694197,0.153747316024232,-0.146488713016627
port1283__czec1258,2,500,15,18,32.5,3.5,3.5,59.5,0.5,Brazil,port1283,czec1258,0.4632,0,0.0706,0.9214,0.4971,0.4632,0.195,0.4431,-1.15265425480882,-1.50392159378278,-0.407527674042397,0.400230008383195,-0.806858850171444,-1.81934174878326,-1.4732570872436,-0.644292012278137
port1283__stan1295,17,537.235294117647,15,18,28.9411764705882,3,3.11764705882353,96.0588235294118,0.705882352941177,Brazil,port1283,stan1295,0.4571,0,0.0613,0.9214,0.4175,0.6188,0.4034,0.4343,-1.23042401166664,-1.50392159378278,-0.49529803251025,0.400230008383195,-1.67366239083379,-0.328033066527385,0.81310648417256,-0.763982423029538
port1283__nucl1302,1,486,15,18,29,5,3,106,0,Brazil,port1283,nucl1302,0.5705,0.2804,0.167,1,0.5556,0.5966,0.4576,0.6034,0.215328517460715,0.294985359712146,0.502263998678147,0.83098441244373,-0.169823584734923,-0.540803328391655,1.40773654929135,1.53597762902296
port1283__hebr1245,2,513,15,18,34,7,3,106,1,Brazil,port1283,hebr1245,0.502,0.5829,0.1479,1,0.4414,0.5354,0.4477,0.5958,-0.657987604631205,2.23567492259451,0.322004445265674,0.83098441244373,-1.41340353880075,-1.12735918542288,1.29912330861467,1.43260863791947
port1283__dutc1256,2,519.5,15,18,28,2,2.5,101.5,1,Brazil,port1283,dutc1256,0.4608,0,0.0538,0.9359,0.4417,0.649,0.4034,0.3863,-1.18325219193321,-1.50392159378278,-0.566080579661745,0.479694879361283,-1.41013669128569,-0.0385888364237387,0.81310648417256,-1.41683920894627
port1283__port1283,5,487.4,15,18,22.4,4.6,2.6,50.8,0.4,Angola,port1283,port1283,0,0,0,0,0,0,0,0,-7.05805611981579,-1.50392159378278,-1.0738273845618,-4.64935151707962,-6.22002518262434,-6.25876450984315,-3.61260879754184,-6.67097621727199
port1283__nucl1643,1,538,15,18,35,3,4,106,1,Brazil,port1283,nucl1643,0.6052,0.3455,0.3784,1,0.6392,0.743,0.5348,0.454,0.657723691717497,0.712634584649805,2.49738806105494,0.83098441244373,0.740537922794873,0.862330290388934,2.25470040588122,-0.496039117142878
port1283__norw1258,1,480,15,18,33,8,3,68,1,CapeVerde,port1283,norw1258,0.519,0.1864,0.0907,0.9139,0.4344,0.641,0.4576,0.5757,-0.441252216666786,-0.30807189288601,-0.217830447676392,0.35912748891177,-1.48962998081879,-0.115262804663115,1.40773654929135,1.15922485881684
port1283__roma1327,1,492,15,18,33,2,4,106,0,Brazil,port1283,roma1327,0.4217,0,0.094,0.5582,0.3901,0.579,0.195,0.4225,-1.68174358425137,-1.50392159378278,-0.186686126929734,-1.59022800121969,-1.97203446387585,-0.709486058518283,-1.4732570872436,-0.924476382900736
roma1327__stan1293,762,528.158792650919,24,20,26.8923884514436,2.65354330708661,3.36351706036745,86.1758530183727,0.860892388451444,Romania,roma1327,stan1293,0.5476,0.1864,0.0797,0.9248,0.5772,0.6104,0.2677,0.4997,-0.0766267992678247,-0.30807189288601,-0.32164485016525,0.418863150543574,0.0653894363493309,-0.40854073317873,-0.675662885506775,0.125534947782012
roma1327__hung1274,13,525.461538461538,24,20,27.9230769230769,2.84615384615385,3.15384615384615,86,0.846153846153846,Romania,roma1327,hung1274,0.4787,0,0.0146,1,0.5303,0.5295,0.195,0.3944,-0.955042577547142,-1.50392159378278,-0.936037359440223,0.83098441244373,-0.445327725171572,-1.18390623699943,-1.4732570872436,-1.30666962632282
roma1327__dutc1256,4,522.25,24,20,28.25,2.5,3.25,87,0.75,Romania,roma1327,dutc1256,0.5026,0,0.0626,0.9248,0.5272,0.5582,0.359,0.4679,-0.650338120350107,-1.50392159378278,-0.483029057670658,0.418863150543574,-0.47908514949385,-0.908838375940661,0.32599255628927,-0.306982672887825
roma1327__stan1290,59,521.35593220339,24,20,32.1186440677966,2.91525423728814,3.42372881355932,86.0338983050847,0.983050847457627,Romania,roma1327,stan1290,0.4663,0,0.069,0.5804,0.4498,0.6082,0.359,0.4336,-1.11313191935648,-1.50392159378278,-0.422627950768049,-1.46856454358427,-1.32193180837909,-0.429626074444559,0.32599255628927,-0.773503251157491
roma1327__ital1282,17,516.294117647059,24,20,28.8235294117647,3.05882352941176,3,86.8235294117647,0.882352941176471,Romania,roma1327,ital1282,0.42,0,0.0406,0.5,0.409,0.579,0,0.3812,-1.70341712304781,-1.50392159378278,-0.690657862648375,-1.90918355231795,-1.76622307042713,-0.709486058518283,-3.61260879754184,-1.48620524244993
roma1327__russ1263,27,524.740740740741,24,20,28.1111111111111,2.81481481481482,3.25925925925926,88.8148148148148,0.814814814814815,Moldova,roma1327,russ1263,0.5107,0.3498,0.1398,0.8869,0.5235,0.6213,0.195,0.4279,-0.547070082555296,0.740221246204827,0.24555929434206,0.211158418814639,-0.519376268846245,-0.30407245145258,-1.4732570872436,-0.851029994485103
roma1327__mode1248,1,538,24,20,21,2,2,86,1,Romania,roma1327,mode1248,0.4495,0.2736,0.0188,0.8989,0.3881,0.6032,0.195,0.4933,-1.3273174792272,0.251359941439088,-0.896399133035386,0.276922449968919,-1.99381344730958,-0.47754730459417,-1.4732570872436,0.0384873763264478
roma1327__stan1295,28,526.857142857143,24,20,28.4642857142857,2.39285714285714,3.25,83.6071428571429,0.928571428571429,Romania,roma1327,stan1295,0.4254,0,0.0378,0.9078,0.4184,0.4065,0.359,0.4541,-1.63457176451794,-1.50392159378278,-0.717083346918267,0.325697439741677,-1.66386184828861,-2.36276849867984,0.32599255628927,-0.494678998838885
roma1327__stan1288,10,523.8,24,20,26.8,3.1,3.5,86,1,Romania,roma1327,stan1288,0.4081,0,0.0875,0.5804,0.344,0.4285,0.2871,0.5114,-1.8551318946229,-1.50392159378278,-0.248031001127696,-1.46856454358427,-2.47404003202326,-2.15191508602155,-0.46282481791813,0.284668789349216
roma1327__hebr1245,1,470,24,20,28,1,3,86,1,Romania,roma1327,hebr1245,0.4984,0.5829,0.0792,1,0.4295,0.6238,0.4097,0.5456,-0.703884510317787,2.23567492259451,-0.326363686642017,0.83098441244373,-1.54298849023142,-0.280111836377774,0.882224000966811,0.749829249314889
roma1327__serb1264,2,523.5,24,20,36,7.5,3.5,86,1,Romania,roma1327,serb1264,0.4598,0,0.0121,0.9147,0.44,0.6374,0,0.439,-1.1960013324017,-1.50392159378278,-0.959631541824055,0.363511757655388,-1.42864882720436,-0.149766090370835,-3.61260879754184,-0.700056862741858
roma1327__roma1327,1,457,24,20,37,3,4,86,1,Romania,roma1327,roma1327,0,0,0,0,0,0,0,0,-7.05805611981579,-1.50392159378278,-1.0738273845618,-4.64935151707962,-6.22002518262434,-6.25876450984315,-3.61260879754184,-6.67097621727199
roma1327__nucl1301,2,530,24,20,31.5,1.5,2,86,1,Romania,roma1327,nucl1301,0.5224,0,0.0415,1,0.5694,0.5295,0.195,0.4882,-0.397905139073903,-1.50392159378278,-0.682163956990196,0.83098441244373,-0.0195485990422055,-1.18390623699943,-1.4732570872436,-0.0308786571772051
roma1327__bulg1262,1,522,24,20,23,3,3,85,0,Yugoslavia,roma1327,bulg1262,0.4126,0,0.0141,0.9078,0.4144,0.2729,0,0.4946,-1.79776076251467,-1.50392159378278,-0.940756195916989,0.325697439741677,-1.70741981515606,-3.64322376827742,-3.61260879754184,0.056168914278359
rund1242__stan1290,143,492.888111888112,19,20,26.1258741258741,3.37762237762238,3.09090909090909,13,0.475524475524476,Burundi,rund1242,stan1290,0.5962,0,0.2413,1,0.6681,0.6763,0.5855,0.4632,0.542981427501041,-1.50392159378278,1.20348309912562,0.83098441244373,1.05524423341223,0.223061080193133,2.81093185055876,-0.370908233175505
rund1242__swah1253,2,500.5,19,20,21.5,3,2.5,13,0.5,Burundi,rund1242,swah1253,0.5069,0.5335,0.0424,0.5354,0.5352,0.5922,0.5456,0.4093,-0.595516816335578,1.91874908984612,-0.673670051332017,-1.71517966041282,-0.391969215758941,-0.582974010923312,2.3731875775285,-1.10401199902784
rund1242__stan1293,13,496.846153846154,19,20,27.3076923076923,2.84615384615385,2.92307692307692,13,0.307692307692308,Burundi,rund1242,stan1293,0.6692,0.1864,0.2613,1,0.7548,0.7048,0.5456,0.5119,1.47366868170119,-0.30807189288601,1.39223655819627,0.83098441244373,1.99936316526431,0.496212092045912,2.3731875775285,0.291469380869182
russ1263__stan1293,2439,523.9979499795,12,22,27.5186551865519,2.96924969249693,3.14109926168991,88.9676096760968,0.860188601886019,USSR,russ1263,stan1293,0.5951,0.3918,0.1849,0.8934,0.6046,0.6596,0.3277,0.5594,0.528957372985696,1.00967235906783,0.671198344546381,0.246780602356541,0.363761509391393,0.0630041714934345,-0.0174008207996264,0.937525575265951
russ1263__roma1326,13,507.307692307692,12,22,28.3076923076923,3.30769230769231,2.69230769230769,87,0.846153846153846,USSR,russ1263,roma1326,0.4938,0.3498,0.1747,0.9037,0.5499,0.4862,0.2736,0.4214,-0.762530556472865,0.740221246204827,0.574934080420348,0.303228062430631,-0.231893687521045,-1.59890409009505,-0.610933782477239,-0.939437684244661
russ1263__stan1288,10,523,12,22,27.3,3.1,3.2,89,0.8,USSR,russ1263,stan1288,0.504,0.3498,0.2163,0.9078,0.4938,0.5345,0.3433,0.5273,-0.632489323694214,0.740221246204827,0.967541275287304,0.325697439741677,-0.842794172837093,-1.13598500684981,0.153747316024232,0.500927599684134
russ1263__finn1318,2,517,12,22,26.5,1,3,87,1,Russia,russ1263,finn1318,0.4733,0.3498,0.1151,1,0.46,0.4911,0.2566,0.5099,-1.02388793607702,0.740221246204827,0.0124487723898041,0.83098441244373,-1.21085899286708,-1.55194128454843,-0.797441367477598,0.264267014789318
russ1263__nucl1301,6,518,12,22,25.8333333333333,4,2.83333333333333,89,0.833333333333333,USSR,russ1263,nucl1301,0.5746,0.3498,0.1346,1,0.6398,0.5519,0.2736,0.5124,0.267599993381546,0.740221246204827,0.19648339498369,0.83098441244373,0.747071617824992,-0.969219125929171,-0.610933782477239,0.298269972389148
russ1263__stan1295,182,528.203296703297,12,22,29.2417582417582,2.75824175824176,3.07142857142857,89.6373626373626,0.923076923076923,USSR,russ1263,stan1295,0.5098,0.3498,0.1639,0.8691,0.4878,0.5401,0.4034,0.5184,-0.558544308976942,0.740221246204827,0.473007212522195,0.113608439269123,-0.908131123138275,-1.08231322908225,0.81310648417256,0.37987707062874
russ1263__russ1263,84,510.071428571429,12,22,27.702380952381,4.07142857142857,2.77380952380952,89.4166666666667,0.678571428571429,USSR,russ1263,russ1263,0,0,0,0,0,0,0,0,-7.05805611981579,-1.50392159378278,-1.0738273845618,-4.64935151707962,-6.22002518262434,-6.25876450984315,-3.61260879754184,-6.67097621727199
russ1263__nucl1235,37,514.27027027027,12,22,30.7297297297297,4.7027027027027,3.02702702702703,88.9189189189189,0.756756756756757,USSR,russ1263,nucl1235,0.5034,0.2952,0.1045,0.8136,0.5346,0.5023,0.3064,0.4693,-0.640138807975312,0.38993479948292,-0.0875905609176416,-0.190550204819423,-0.398502910789059,-1.4445977290133,-0.251083853770664,-0.28794101663192
russ1263__bulg1262,5,509.4,12,22,32.2,2.8,3.6,89.2,0.8,USSR,russ1263,bulg1262,0.4514,0.3498,0.145,0.5804,0.4462,0.6041,0.195,0.345,-1.30309411233706,0.740221246204827,0.294635193700429,-1.46856454358427,-1.3611339785598,-0.46892148316724,-1.4732570872436,-1.97856806849546
russ1263__ukra1253,125,514.256,12,22,29.176,3.272,3.208,90.168,0.88,USSR,russ1263,ukra1253,0.3813,0,0.1354,0.2952,0.3578,0.4565,0.195,0.385,-2.19680885917857,-1.50392159378278,0.204033533346516,-3.03155635068433,-2.32376504633054,-1.88355619718373,-1.4732570872436,-1.43452074689818
russ1263__poli1260,23,508.478260869565,12,22,27.9565217391304,3.39130434782609,3.08695652173913,90.8695652173913,0.826086956521739,USSR,russ1263,poli1260,0.4797,0.3498,0.1425,0.5319,0.4809,0.5062,0.2736,0.4949,-0.942293437078647,0.740221246204827,0.271041011316598,-1.73436083616615,-0.983268615984634,-1.40721916949661,-0.610933782477239,0.0602492691903388
russ1263__ital1282,6,526.5,12,22,29.1666666666667,1.83333333333333,3.16666666666667,89.6666666666667,0.833333333333333,USSR,russ1263,ital1282,0.4939,0.3498,0.1768,0.8934,0.5313,0.4825,0.195,0.4693,-0.761255642426016,0.740221246204827,0.594753193622766,0.246780602356541,-0.434438233454709,-1.63436580040576,-1.4732570872436,-0.28794101663192
russ1263__stan1290,40,527.975,12,22,28.975,1.95,3.075,88.675,0.9,USSR,russ1263,stan1290,0.5267,0.3498,0.1897,0.9078,0.5385,0.5257,0.4034,0.5152,-0.343083835059374,0.740221246204827,0.716499174723337,0.325697439741677,-0.356033893093291,-1.22032637191313,0.81310648417256,0.336353284900958
russ1263__nucl1302,17,513.823529411765,12,22,29.2352941176471,4.05882352941176,2.82352941176471,88.764705882353,0.882352941176471,USSR,russ1263,nucl1302,0.5529,0.3824,0.1047,1,0.5317,0.5797,0.4576,0.597,-0.00905635478480059,0.949366633808017,-0.085703026326935,0.83098441244373,-0.430082436767964,-0.702777086297337,1.40773654929135,1.44893005756739
russ1263__swed1254,5,514.4,12,22,28.8,3.4,3.2,87.6,0.8,USSR,russ1263,swed1254,0.5442,0.3918,0.1338,0.8691,0.5201,0.6,0.2566,0.578,-0.119973876860708,1.00967235906783,0.188933256620864,0.113608439269123,-0.556400540683581,-0.50821689188992,-0.797441367477598,1.19050757980868
russ1263__mode1248,6,523.833333333333,12,22,27.6666666666667,2.83333333333333,2.83333333333333,88,1,USSR,russ1263,mode1248,0.4681,0.3498,0.1481,0.8564,0.4918,0.515,0.2736,0.3971,-1.09018346651319,0.740221246204827,0.32389197985638,0.0440081729641771,-0.864573156270821,-1.32287780443329,-0.610933782477239,-1.26994643211501
russ1263__serb1264,13,521.230769230769,12,22,28.1538461538462,3.84615384615385,2.76923076923077,89.0769230769231,0.923076923076923,USSR,russ1263,serb1264,0.4507,0.3498,0.1506,0.6162,0.4693,0.4862,0.195,0.4214,-1.31201851066501,0.740221246204827,0.347486162240212,-1.27236851730733,-1.10958671990025,-1.59890409009505,-1.4732570872436,-0.939437684244661
russ1263__hebr1245,16,534.9375,12,22,25,2.1875,3.1875,87.875,0.75,USSR,russ1263,hebr1245,0.527,0.6591,0.1569,1,0.4847,0.5707,0.3433,0.6156,-0.339259092918825,2.72453622736025,0.406943501847467,0.83098441244373,-0.941888547460552,-0.789035300566636,0.153747316024232,1.70191206211013
russ1263__dani1285,1,571,12,22,32,3,3,90,1,USSR,russ1263,dani1285,0.4975,0.3918,0.1584,0.8691,0.516,0.5834,0.3277,0.4034,-0.715358736739433,1.00967235906783,0.421100011277766,0.113608439269123,-0.601047456722722,-0.667315375986625,-0.0174008207996264,-1.18425897896344
russ1263__mand1415,4,525.25,12,22,29.25,3.25,3.25,88.5,1,USSR,russ1263,mand1415,0.6291,0.7125,0.1449,1,0.586,0.8043,0.4576,0.6065,0.962428148914533,3.0671240708575,0.293691426405076,0.83098441244373,0.16121696345773,1.44984457202316,1.40773654929135,1.57814129644675
russ1263__dutc1256,6,517.666666666667,12,22,33.3333333333333,2.83333333333333,3.5,90,1,USSR,russ1263,dutc1256,0.5109,0.3498,0.1739,0.8934,0.5281,0.4591,0.3064,0.5297,-0.544520254461597,0.740221246204827,0.567383942057522,0.246780602356541,-0.469284606948672,-1.85863715750594,-0.251083853770664,0.53357043897997
russ1263__roma1327,4,525,12,22,23,2,2.75,88.5,0.75,Moldova,russ1263,roma1327,0.5107,0.3498,0.1398,0.8869,0.5235,0.6213,0.195,0.4279,-0.547070082555296,0.740221246204827,0.24555929434206,0.211158418814639,-0.519376268846245,-0.30407245145258,-1.4732570872436,-0.851029994485103
russ1263__czec1258,7,518.714285714286,12,22,32.1428571428572,4,2.57142857142857,90,0.857142857142857,USSR,russ1263,czec1258,0.426,0.3498,0.1549,0.5804,0.4683,0.404,0.195,0.4034,-1.62692228023684,0.740221246204827,0.388068155940402,-1.46856454358427,-1.12047621161712,-2.38672911375464,-1.4732570872436,-1.18425897896344
russ1263__croa1245,1,515,12,22,28,5,2,90,1,USSR,russ1263,croa1245,0.4507,0.3498,0.1612,0.6162,0.4693,0.4862,0.195,0.4214,-1.31201851066501,0.740221246204827,0.447525495547658,-1.27236851730733,-1.10958671990025,-1.59890409009505,-1.4732570872436,-0.939437684244661
russ1263__port1283,1,513,12,22,28,2,3,90,1,USSR,russ1263,port1283,0.4727,0.3498,0.219,0.9037,0.4841,0.4825,0.2736,0.47,-1.03153742035811,0.740221246204827,0.993022992261842,0.303228062430631,-0.948422242490671,-1.63436580040576,-0.610933782477239,-0.278420188503968
russ1263__kurd1259,1,363,12,22,29,4,3,90,0,USSR,russ1263,kurd1259,0.581,0.5,0.116,0.8691,0.6169,0.6041,0.4034,0.5149,0.349194492379914,1.70382974982443,0.0209426780479835,0.113608439269123,0.497702257508815,-0.46892148316724,0.81310648417256,0.332272929988978
russ1263__nucl1643,1,550,12,22,29,1,2,90,0,USSR,russ1263,nucl1643,0.5891,0.4788,0.2055,1,0.6109,0.61,0.5348,0.5324,0.452462530174725,1.56782109285549,0.865614407389152,0.83098441244373,0.432365307207634,-0.412374431590699,2.25470040588122,0.570293633187787
russ1263__hung1274,1,522,12,22,34,18,4,84,1,Russia,russ1263,hung1274,0.5107,0.3498,0.1501,1,0.5209,0.5772,0.2736,0.4706,-0.547070082555296,0.740221246204827,0.342767325763446,0.83098441244373,-0.54768894731009,-0.726737701372142,-0.610933782477239,-0.270259478680008
serb1264__stan1293,1174,518.319420783646,11,19,26.8373083475298,3.47614991482112,3.30068143100511,85.7240204429302,0.608177172061329,Yugoslavia,serb1264,stan1293,0.5804,0.1864,0.079,0.9196,0.6067,0.6774,0.2677,0.5093,0.341545008098818,-0.30807189288601,-0.328251221232723,0.390365403710053,0.386629441996807,0.233603750826047,-0.675662885506775,0.256106304965359
serb1264__stan1295,175,525.011428571429,11,19,28.2628571428571,3.82285714285714,3.04,86.0171428571429,0.657142857142857,Yugoslavia,serb1264,stan1295,0.5201,0,0.0358,0.9014,0.5157,0.6023,0.359,0.5062,-0.427228162151442,-1.50392159378278,-0.735958692825332,0.290623289792728,-0.60431430423778,-0.486173126021099,0.32599255628927,0.21394263754157
serb1264__russ1263,155,507.58064516129,11,19,31.1935483870968,4.54838709677419,3.27096774193548,85.7483870967742,0.645161290322581,Yugoslavia,serb1264,russ1263,0.4507,0.3498,0.1506,0.6162,0.4693,0.4862,0.195,0.4214,-1.31201851066501,0.740221246204827,0.347486162240212,-1.27236851730733,-1.10958671990025,-1.59890409009505,-1.4732570872436,-0.939437684244661
serb1264__hung1274,6,509.833333333333,11,19,27.3333333333333,3.5,3.33333333333333,85,0.833333333333333,Yugoslavia,serb1264,hung1274,0.5029,0,0.0139,1,0.5349,0.6169,0.195,0.4054,-0.646513378209559,-1.50392159378278,-0.942643730507696,0.83098441244373,-0.395236063273999,-0.346243133984237,-1.4732570872436,-1.15705661288357
serb1264__stan1290,33,510.333333333333,11,19,31.9090909090909,4.54545454545455,3.18181818181818,85.7575757575758,0.727272727272727,Yugoslavia,serb1264,stan1290,0.5086,0,0.065,0.9304,0.531,0.5245,0.359,0.483,-0.573843277539136,-1.50392159378278,-0.46037864258218,0.449553031748905,-0.437705080969768,-1.23182746714904,0.32599255628927,-0.101604808984852
serb1264__czec1258,3,575,11,19,23,3.33333333333333,3.33333333333333,85,0.333333333333333,Yugoslavia,serb1264,czec1258,0.3767,0,0.0332,0.6936,0.4315,0.3143,0,0.3539,-2.25545490533365,-1.50392159378278,-0.760496642504517,-0.848190516362225,-1.5212095067977,-3.24643598263865,-3.61260879754184,-1.85751753944007
serb1264__ital1282,14,515.928571428572,11,19,29.2857142857143,4.28571428571429,3.35714285714286,85.2857142857143,0.5,Yugoslavia,serb1264,ital1282,0.4547,0,0.0312,0.9196,0.4676,0.535,0,0.4263,-1.26102194879103,-1.50392159378278,-0.779371988411582,0.390365403710053,-1.12809885581892,-1.13119288383485,-3.61260879754184,-0.872791887348994
serb1264__roma1326,2,484,11,19,29,3,3.5,85,0.5,Yugoslavia,serb1264,roma1326,0.4337,0,0.0398,0.9273,0.4562,0.5132,0.195,0.3729,-1.52875389862943,-1.50392159378278,-0.698208001011201,0.432563990367383,-1.25223906139117,-1.34012944728715,-1.4732570872436,-1.59909506168136
serb1264__dutc1256,6,520.5,11,19,29.8333333333333,3.5,2.66666666666667,85,0.666666666666667,Yugoslavia,serb1264,dutc1256,0.5028,0,0.0621,0.9196,0.4976,0.6019,0.359,0.4766,-0.647788292256408,-1.50392159378278,-0.487747894147424,0.390365403710053,-0.801414104313012,-0.490006824433068,0.32599255628927,-0.188652380440416
serb1264__serb1264,4,543.5,11,19,25,2.75,2.75,85,0.75,Yugoslavia,serb1264,serb1264,0,0,0,0,0,0,0,0,-7.05805611981579,-1.50392159378278,-1.0738273845618,-4.64935151707962,-6.22002518262434,-6.25876450984315,-3.61260879754184,-6.67097621727199
serb1264__bulg1262,2,533.5,11,19,25,5,3.5,85,0,Yugoslavia,serb1264,bulg1262,0.4696,0,0.0113,0.5765,0.4643,0.6133,0,0.4403,-1.07105975581045,-1.50392159378278,-0.967181680186881,-1.48993785370941,-1.16403417848457,-0.380746419691957,-3.61260879754184,-0.682375324789946
serb1264__mode1248,3,495,11,19,26.6666666666667,2,3.33333333333333,86.3333333333333,0,Yugoslavia,serb1264,mode1248,0.4635,0.2736,0.0135,0.8919,0.4487,0.5332,0.195,0.4932,-1.14882951266827,0.251359941439088,-0.946418799689109,0.238560098462256,-1.33391024926764,-1.14844452668871,-1.4732570872436,0.0371272580224548
serb1264__stan1288,2,525,11,19,34.5,2.5,3,85,1,Yugoslavia,serb1264,stan1288,0.4721,0,0.0792,0.9304,0.459,0.6119,0.2871,0.4327,-1.03918690463921,-1.50392159378278,-0.326363686642017,0.449553031748905,-1.22174848458395,-0.394164364133847,-0.46282481791813,-0.78574431589343
serb1264__alba1267,2,512,11,19,32,2.5,2,85,1,Yugoslavia,serb1264,alba1267,0.4324,0.2566,0.0107,0.7532,0.43,0.5792,0.319,0.348,-1.54532778123847,0.142296395756443,-0.972844283959,-0.521562494962633,-1.53754374437299,-0.707569209312298,-0.112848820182163,-1.93776451937567
serb1264__poli1260,2,474.5,11,19,36.5,3.5,4,85,0,Yugoslavia,serb1264,poli1260,0.4569,0,0.0359,0.6614,0.4378,0.5552,0.195,0.4554,-1.23297383976034,-1.50392159378278,-0.735014925529979,-1.02465733329288,-1.45260570898145,-0.937591114030427,-1.4732570872436,-0.476997460886974
serb1264__swed1254,2,487.5,11,19,29.5,2,3.5,85,1,Yugoslavia,serb1264,swed1254,0.55,0.1864,0.0717,0.9014,0.5239,0.6704,0.319,0.566,-0.0460288621434354,-0.30807189288601,-0.397146233793511,0.290623289792728,-0.515020472159499,0.166514028616593,-0.112848820182163,1.0272933833295
serb1264__nucl1301,1,494,11,19,22,25,3,85,1,Yugoslavia,serb1264,nucl1301,0.5493,0,0.0424,1,0.6142,0.5872,0.195,0.456,-0.0549532604713824,-1.50392159378278,-0.673670051332017,0.83098441244373,0.468300629873283,-0.630895241072921,-1.4732570872436,-0.468836751063014
serb1264__norw1258,2,525,11,19,19.5,1,3,85,0.5,Yugoslavia,serb1264,norw1258,0.5143,0.1864,0.0785,0.8919,0.459,0.5896,0.4208,0.5577,-0.501173176868714,-0.30807189288601,-0.332970057709489,0.238560098462256,-1.22174848458395,-0.607893050601109,1.00400248293763,0.914403564098066
slov1269__stan1293,215,536.297674418605,,,25.0697674418605,2.9953488372093,3.35046728971963,90.6279069767442,0.855813953488372,Czechslowakia,slov1269,stan1293,0.6468,0.1864,0.0605,0.9047,0.6597,0.6736,0.5641,0.6054,1.1880879352069,-0.30807189288601,-0.502848170873076,0.308708398360154,0.963772502990577,0.197183615912343,2.57615171414654,1.56317999510282
slov1269__stan1295,55,539.254545454546,,,25.6,1.63636363636364,3.32727272727273,90.8727272727273,0.981818181818182,Czechslowakia,slov1269,stan1295,0.7088,0,0.0192,0.8831,0.7451,0.7532,0.5212,0.6221,1.9785346442536,-1.50392159378278,-0.892624063853973,0.19033314228245,1.89373509561073,0.960089599894139,2.10549433788093,1.79031975186968
slov1269__russ1263,13,525.615384615385,,,23.3846153846154,4.46153846153846,3.07692307692308,89.6153846153846,1,Czechslowakia,slov1269,russ1263,0.7019,0.3498,0.1487,0.5319,0.7341,0.6357,0.5859,0.6933,1.89056557502098,0.740221246204827,0.3295545836285,-1.73436083616615,1.77395068672523,-0.166059308621702,2.81532026432347,2.75872398431284
slov1269__czec1258,14,534.857142857143,,,25.9285714285714,3.42857142857143,3.28571428571429,91.7142857142857,0.857142857142857,Czechslowakia,slov1269,czec1258,0.719,0,0.0126,0.2677,0.7527,0.6792,0.6082,0.6839,2.10857587703225,-1.50392159378278,-0.954912705347289,-3.18226558874622,1.97649523265889,0.250855393679907,3.0599743317063,2.63087286373748
slov1269__hung1274,9,525.666666666667,,,25,3.11111111111111,3,91.3333333333333,0.888888888888889,Czechslowakia,slov1269,hung1274,0.6999,0,0.008,1,0.7251,0.7024,0.5859,0.6522,1.86506729408399,-1.50392159378278,-0.998326000933538,0.83098441244373,1.67594526127346,0.473209901574099,2.81532026432347,2.19971536137164
slov1269__stan1290,6,536.833333333333,,,25,1.16666666666667,3.16666666666667,91.3333333333333,1,Czechslowakia,slov1269,stan1290,0.6999,0,0.0511,0.9176,0.7489,0.7024,0.5212,0.6096,1.86506729408399,-1.50392159378278,-0.591562296636283,0.379404731851006,1.93511516413481,0.473209901574099,2.10549433788093,1.62030496387054
slov1269__roma1326,1,522,,,24,3,3,90,1,Czechslowakia,slov1269,roma1326,0.7221,0,0.0288,0.9139,0.7489,0.7084,0.5859,0.6885,2.14809821248458,-1.50392159378278,-0.80202240350006,0.35912748891177,1.93511516413481,0.530715377753631,2.81532026432347,2.69343830572117
slov1269__dutc1256,2,550.5,,,22,2,2,90,1,Czechslowakia,slov1269,dutc1256,0.6969,0,0.0433,0.9047,0.7323,0.7334,0.5212,0.6137,1.82681987267851,-1.50392159378278,-0.665176145673837,0.308708398360154,1.75434960163487,0.770321528501683,2.10549433788093,1.67606981433426
slov1269__poli1260,1,552,,,33,9,4,90,1,Czechslowakia,slov1269,poli1260,0.6769,0,0.0151,0.4097,0.7028,0.6253,0.5859,0.6655,1.5718370633086,-1.50392159378278,-0.931318522963457,-2.4040578867539,1.4331095959874,-0.265735467332892,2.81532026432347,2.38061109580273
slov1269__port1283,1,320,,,16,7,4,17,0,Angola,slov1269,port1283,0.694,0,0.079,0.9139,0.7216,0.6965,0.5859,0.6391,1.78984736531987,-1.50392159378278,-0.328251221232723,0.35912748891177,1.63783204026443,0.416662849997559,2.81532026432347,2.02153986354853
slov1269__stan1289,1,560,,,21,2,3,90,1,Czechslowakia,slov1269,stan1289,0.6969,0,0.058,0.9097,0.7164,0.7145,0.5859,0.6522,1.82681987267851,-1.50392159378278,-0.526442353256908,0.336110078007771,1.58120668333674,0.589179278536156,2.81532026432347,2.19971536137164
slov1269__serb1264,1,463,,,42,3,4,85,1,Yugoslavia,slov1269,serb1264,0.7169,0,0.0218,0.6614,0.7377,0.7084,0.6082,0.6885,2.08180268204841,-1.50392159378278,-0.868086114174789,-1.02465733329288,1.81315285690594,0.530715377753631,3.0599743317063,2.69343830572117
slov1268__stan1293,47,549.723404255319,17,18,26.468085106383,3.19148936170213,3.48936170212766,88.5106382978723,0.872340425531915,Yugoslavia,slov1268,stan1293,0.5672,0.1864,0.0559,0.9047,0.6046,0.6722,0.2677,0.4546,0.173256353914682,-0.30807189288601,-0.546261466459327,0.308708398360154,0.363761509391393,0.183765671470453,-0.675662885506775,-0.487878407318919
slov1268__stan1295,5,565.4,17,18,22.2,4.4,3.2,89.2,1,Yugoslavia,slov1268,stan1295,0.4902,0,0.0131,0.8831,0.4999,0.5932,0.359,0.4255,-0.808427462159447,-1.50392159378278,-0.950193868870522,0.19033314228245,-0.776368273364226,-0.57338976489339,0.32599255628927,-0.88367283378094
slov1268__dutc1256,1,565,17,18,37,13,4,85,1,Yugoslavia,slov1268,dutc1256,0.5081,0,0.0394,0.9047,0.5171,0.5952,0.359,0.4622,-0.580217847773384,-1.50392159378278,-0.701983070192615,0.308708398360154,-0.589069015834172,-0.554221272833546,0.32599255628927,-0.384509416215436
slov1268__stan1288,1,527,17,18,23,1,4,85,1,Yugoslavia,slov1268,stan1288,0.5145,0,0.059,0.9176,0.4683,0.6924,0.2871,0.5118,-0.498623348775015,-1.50392159378278,-0.517004680303375,0.379404731851006,-1.12047621161712,0.377367441274878,-0.46282481791813,0.290109262565189
slov1268__ital1282,1,500,17,18,19,2,3,85,1,Yugoslavia,slov1268,ital1282,0.4554,0,0.0163,0.9047,0.4413,0.593,0,0.4312,-1.25209755046308,-1.50392159378278,-0.919993315419218,0.308708398360154,-1.41449248797243,-0.575306614099374,-3.61260879754184,-0.806146090453327
soma1255__stan1293,272,481.463235294118,21,20,25.7205882352941,5.30147058823529,2.86397058823529,9.34191176470588,0.180147058823529,Somalia,soma1255,stan1293,0.5981,0.1864,0.2629,1,0.6641,0.641,0.439,0.4645,0.567204794391182,-0.30807189288601,1.40733683492192,0.83098441244373,1.01168626654478,-0.115262804663115,1.20367530923214,-0.353226695223593
soma1255__stan1290,31,489.967741935484,21,20,21.0322580645161,4.35483870967742,2.54838709677419,9.09677419354839,0.193548387096774,Somalia,soma1255,stan1290,0.5502,0,0.2457,1,0.58,0.6046,0.4246,0.5088,-0.0434790340497366,-1.50392159378278,1.24500886012116,0.83098441244373,0.0958800131565481,-0.464129360152278,1.04569241370242,0.249305713445393
soma1255__ital1282,27,471.185185185185,21,20,33.4444444444444,5.33333333333333,3.25925925925926,8,0.407407407407407,Somalia,soma1255,ital1282,0.5699,0,0.2101,1,0.5587,0.6667,0.359,0.5625,0.207679033179618,-1.50392159378278,0.909027702975402,0.83098441244373,-0.136066160412646,0.131052318305881,0.32599255628927,0.979689242689739
soma1255__stan1295,2,494,21,20,24,3.5,2.5,8,0.5,Somalia,soma1255,stan1295,0.5081,0,0.2266,1,0.554,0.43,0.4246,0.4906,-0.580217847773384,-1.50392159378278,1.06474930670869,0.83098441244373,-0.187246771481905,-2.13753871697667,1.04569241370242,0.00176418211863105
soma1255__russ1263,2,519,21,20,28.5,2.5,4,8,0.5,Somalia,soma1255,russ1263,0.5519,0.3498,0.2344,1,0.5317,0.5362,0.4034,0.614,-0.0218054952532958,0.740221246204827,1.13836315574624,0.83098441244373,-0.430082436767964,-1.11969178859895,0.81310648417256,1.68015016924624
soma1255__dutc1256,2,491.5,21,20,29.5,5,2,8,0,Somalia,soma1255,dutc1256,0.5354,0,0.2494,1,0.578,0.4835,0.4246,0.5193,-0.232166312983466,-1.50392159378278,1.27992825004923,0.83098441244373,0.0741010297228208,-1.62478155437584,1.04569241370242,0.392118135364678
soma1255__norw1258,1,517,21,20,30,2,3,8,1,Somalia,soma1255,norw1258,0.4917,0.1864,0.2635,1,0.5021,0.4531,0.4685,0.4934,-0.789303751456705,-0.30807189288601,1.41299943869404,0.83098441244373,-0.752411391587126,-1.91614263368547,1.52732082437982,0.0398474946304409
stan1288__stan1293,1975,516.118987341772,18,23,27.4663291139241,3.34177215189873,3.33721518987342,92.4005063291139,0.798987341772152,Spain,stan1288,stan1293,0.556,0.1864,0.0575,0.9386,0.5536,0.6548,0.2677,0.5481,0.0304659806675358,-0.30807189288601,-0.531161189733674,0.494491786370996,-0.191602568168651,0.0169997905498095,-0.675662885506775,0.78383220691472
stan1288__stan1290,136,517.595588235294,18,23,29.4852941176471,5.04411764705882,3.05882352941176,102.558823529412,0.794117647058824,Spain,stan1288,stan1290,0.5019,0,0.0362,0.4601,0.4423,0.5221,0.4498,0.5804,-0.659262518678054,-1.50392159378278,-0.732183623643919,-2.12784895590593,-1.40360299625557,-1.25482965762085,1.32216248087942,1.22315041910452
stan1288__ital1282,57,501.631578947368,18,23,27.8245614035088,4.12280701754386,3.17543859649123,92.6666666666667,0.614035087719298,Spain,stan1288,ital1282,0.4519,0,0.0485,0.5295,0.4257,0.498,0.2871,0.5037,-1.29671954210281,-1.50392159378278,-0.616100246315468,-1.74751364239701,-1.5843685587555,-1.48580998694197,-0.46282481791813,0.179939679941741
stan1288__hebr1245,4,507,18,23,28.5,3,3,66.75,1,Morocco,stan1288,hebr1245,0.4914,0.5829,0.1372,1,0.4207,0.4737,0.4097,0.6441,-0.793128493597254,2.23567492259451,0.221021344662875,0.83098441244373,-1.63881601733982,-1.71870716546908,0.882224000966811,2.08954577874819
stan1288__stan1289,36,516.138888888889,18,23,24.9722222222222,4.11111111111111,3.16666666666667,116.666666666667,0.777777777777778,Spain,stan1288,stan1289,0.4587,0,0.017,0.2677,0.4349,0.5698,0.3433,0.4565,-1.21002538691705,-1.50392159378278,-0.913386944351745,-3.18226558874622,-1.48418523496036,-0.797661121993566,0.153747316024232,-0.462036159543048
stan1288__stan1295,54,518.518518518519,18,23,27.7222222222222,3.48148148148148,3.2962962962963,95.9814814814815,0.814814814814815,Spain,stan1288,stan1295,0.4961,0,0.0579,0.9248,0.3939,0.4905,0.4498,0.6393,-0.733207533395326,-1.50392159378278,-0.527386120552261,0.418863150543574,-1.93065439535177,-1.55769183216638,1.32216248087942,2.02426010015651
stan1288__port1283,21,507.52380952381,18,23,29,2.61904761904762,3.19047619047619,89.3333333333333,0.666666666666667,Argentina,stan1288,port1283,0.4263,0,0.0129,0.1864,0.3782,0.498,0.3433,0.4797,-1.62309753809629,-1.50392159378278,-0.952081403461229,-3.62781689981647,-2.10161941530653,-1.48580998694197,0.153747316024232,-0.146488713016627
stan1288__alba1267,1,535,18,23,19,0,3,91,0,Chile,stan1288,alba1267,0.3679,0.2566,0.0737,0.8136,0.3271,0.366,0.319,0.4316,-2.36764734145641,0.142296395756443,-0.378270887886446,-0.190550204819423,-2.65807244203826,-2.75093046289168,-0.112848820182163,-0.800705617237355
stan1288__stan1288,17,497.176470588235,18,23,25.9411764705882,4.82352941176471,3.29411764705882,92.1764705882353,0.823529411764706,Spain,stan1288,stan1288,0,0,0,0,0,0,0,0,-7.05805611981579,-1.50392159378278,-1.0738273845618,-4.64935151707962,-6.22002518262434,-6.25876450984315,-3.61260879754184,-6.67097621727199
stan1288__swed1254,3,524.333333333333,18,23,25,1.66666666666667,3.66666666666667,103.333333333333,1,Chile,stan1288,swed1254,0.5283,0.1864,0.1022,0.9248,0.4628,0.5727,0.4208,0.6215,-0.322685210309782,-0.30807189288601,-0.109297208710767,0.418863150543574,-1.18036841605987,-0.769866808506792,1.00400248293763,1.78215904204573
stan1288__russ1263,14,505.285714285714,18,23,30.5714285714286,4.42857142857143,3.85714285714286,80.0714285714286,0.857142857142857,Nicaragua,stan1288,russ1263,0.504,0.3498,0.2163,0.9078,0.4938,0.5345,0.3433,0.5273,-0.632489323694214,0.740221246204827,0.967541275287304,0.325697439741677,-0.842794172837093,-1.13598500684981,0.153747316024232,0.500927599684134
stan1288__nucl1643,2,536,18,23,29.5,2,4,85,1,Peru,stan1288,nucl1643,0.6482,0.3455,0.3786,1,0.6976,0.628,0.5903,0.5823,1.20593673186279,0.712634584649805,2.49927559564565,0.83098441244373,1.37648423905971,-0.239858003052102,2.86359281573533,1.24899266688039
stan1288__slov1269,1,504,18,23,32,2,4,90,1,Czechslowakia,stan1288,slov1269,0.7284,0,0.0742,0.9176,0.7527,0.727,0.6082,0.6885,2.22841779743611,-1.50392159378278,-0.37355205140968,0.379404731851006,1.97649523265889,0.708982353910181,3.0599743317063,2.69343830572117
stan1288__dutc1256,5,539.6,18,23,17.6,9,2.8,80,0.8,Colombia,stan1288,dutc1256,0.5249,0,0.0563,0.9386,0.5101,0.5353,0.4498,0.557,-0.366032287902665,-1.50392159378278,-0.542486397277913,0.494491786370996,-0.665295457852217,-1.12831761002588,1.32216248087942,0.904882735970114
stan1288__bulg1262,1,467,18,23,35,4,4,85,1,Peru,stan1288,bulg1262,0.4485,0,0.0891,0.9248,0.3895,0.3413,0.2871,0.5933,-1.3400666196957,-1.50392159378278,-0.232930724402044,0.418863150543574,-1.97856815890597,-2.98766133983076,-0.46282481791813,1.39860568031964
stan1288__nucl1302,1,515,18,23,37,2,4,86,0,Argentina,stan1288,nucl1302,0.577,0.2804,0.159,1,0.5499,0.6335,0.5049,0.6035,0.298197930505933,0.294985359712146,0.426762615049886,0.83098441244373,-0.231893687521045,-0.187144649887531,1.92666647696882,1.53733774732695
stan1288__mand1415,2,515,18,23,29,4,3.5,85,1,Bolivia,stan1288,mand1415,0.6292,0.658,0.3363,1,0.5966,0.8992,0.5049,0.5941,0.963703062961382,2.71747917440431,2.10006202971122,0.83098441244373,0.276645575656484,2.35938952026276,1.92666647696882,1.40948662675159
stan1288__czec1258,3,506,18,23,36,1.66666666666667,3,82,1,Colombia,stan1288,czec1258,0.5,0,0.0675,0.9248,0.4877,0.5291,0.2871,0.5431,-0.683485885568195,-1.50392159378278,-0.436784460198348,0.418863150543574,-0.909220072309961,-1.18773993541139,-0.46282481791813,0.71582629171506
stan1288__mode1248,1,481,18,23,20,5,3,86,1,Argentina,stan1288,mode1248,0.4211,0.2736,0.0887,0.9176,0.3901,0.5291,0.195,0.4388,-1.68939306853247,0.251359941439088,-0.236705793583457,0.379404731851006,-1.97203446387585,-1.18773993541139,-1.4732570872436,-0.702777099349844
stan1288__roma1327,1,465,18,23,27,2,4,82,0,Colombia,stan1288,roma1327,0.4081,0,0.0875,0.5804,0.344,0.4285,0.2871,0.5114,-1.8551318946229,-1.50392159378278,-0.248031001127696,-1.46856454358427,-2.47404003202326,-2.15191508602155,-0.46282481791813,0.284668789349216
swah1253__stan1290,32,484.53125,15,20,27.40625,3.84375,3.1875,30,0.34375,"Congo,DemocraticRepublicofthe",swah1253,stan1290,0.5897,0.5335,0.2752,1,0.6397,0.6326,0.5765,0.4955,0.460112014455823,1.91874908984612,1.52342021225038,0.83098441244373,0.745982668653306,-0.19577047131446,2.71219254085269,0.0684099790142979
swah1253__stan1293,38,505.263157894737,15,20,26.7105263157895,3.13157894736842,2.94736842105263,31.6052631578947,0.631578947368421,Kenya,swah1253,stan1293,0.6574,0.5574,0.294,1,0.7195,0.8056,0.3729,0.484,1.32322882417295,2.07207960407054,1.70084846377679,0.83098441244373,1.61496410765902,1.46230409186205,0.478489934613093,-0.0880036259449198
swah1253__dutc1256,1,486,15,20,17,9,2,8,0,Somalia,swah1253,dutc1256,0.6037,0.5335,0.2827,1,0.653,0.7077,0.5114,0.4894,0.638599981014755,1.91874908984612,1.59420275940187,0.83098441244373,0.890812908487592,0.524006405532686,1.99797820064543,-0.014557237529287
swah1253__stan1295,1,566,15,20,36,3,4,11,0,Tanzania,swah1253,stan1295,0.6163,0.5335,0.2623,1,0.656,0.7145,0.5114,0.5298,0.799239150917794,1.91874908984612,1.4016742311498,0.83098441244373,0.923481383638182,0.589179278536156,1.99797820064543,0.534930557283965
swah1253__swah1253,1,505,15,20,29,2,4,48,1,Kenya,swah1253,swah1253,0,0,0,0,0,0,0,0,-7.05805611981579,-1.50392159378278,-1.0738273845618,-4.64935151707962,-6.22002518262434,-6.25876450984315,-3.61260879754184,-6.67097621727199
swed1254__stan1293,283,552.395759717315,8,22,26.7632508833922,2.99293286219081,3.20494699646643,102.791519434629,0.848056537102474,Sweden,swed1254,stan1293,0.5511,0,0.0557,0.7323,0.5136,0.7896,0.3141,0.5242,-0.0320048076280908,-1.50392159378278,-0.548149001050033,-0.636101515889671,-0.627182236843195,1.3089561553833,-0.166606888799914,0.458763932260345
swed1254__finn1318,18,549.388888888889,8,22,24.2222222222222,2.16666666666667,3.16666666666667,110.111111111111,0.833333333333333,Finland,swed1254,finn1318,0.5035,0.1864,0.0286,1,0.5463,0.6383,0,0.4418,-0.638863893928463,-0.30807189288601,-0.803909938090767,0.83098441244373,-0.271095857701755,-0.141140268943905,-3.61260879754184,-0.661973550230048
swed1254__poli1260,1,531,8,22,21,2,3,103,1,Sweden,swed1254,poli1260,0.5494,0.1864,0.0366,0.8831,0.5374,0.6388,0.2566,0.5444,-0.0536783464245331,-0.30807189288601,-0.728408554462506,0.19033314228245,-0.368012333981841,-0.136348145928944,-0.797441367477598,0.733507829666971
swed1254__stan1290,1,558,8,22,33,1,3,103,1,Sweden,swed1254,stan1290,0.4644,0.1864,0.0676,0.9248,0.4463,0.5006,0.3931,0.4845,-1.13735528624662,-0.30807189288601,-0.435840692902995,0.418863150543574,-1.36004502938811,-1.46089094726417,0.700104829731166,-0.0812030344249539
swed1254__stan1288,2,541,8,22,30.5,2,3.5,110.5,0.5,Spain,swed1254,stan1288,0.5283,0.1864,0.1022,0.9248,0.4628,0.5727,0.4208,0.6215,-0.322685210309782,-0.30807189288601,-0.109297208710767,0.418863150543574,-1.18036841605987,-0.769866808506792,1.00400248293763,1.78215904204573
swed1254__stan1295,4,562.75,8,22,32,1.25,2.75,103,0.5,Sweden,swed1254,stan1295,0.4244,0.1864,0.0527,0.6667,0.3857,0.6069,0.3021,0.426,-1.64732090498643,-0.30807189288601,-0.576462019910631,-0.995611552866403,-2.01994822743005,-0.442085594283457,-0.298259301741343,-0.876872242260974
taga1270__stan1293,341,499.935483870968,24,22,27.7038123167155,4.80645161290323,3.04398826979472,83.0029325513197,0.909090909090909,Philippines,taga1270,stan1293,0.6208,0.4404,0.3864,1,0.6668,0.8116,0.3277,0.461,0.856610283026023,1.32146578966645,2.5728894446832,0.83098441244373,1.04108789418031,1.51980956804159,-0.0174008207996264,-0.400830835863354
taga1270__dutc1256,1,468,24,22,29,15,1,83,1,Philippines,taga1270,dutc1256,0.6003,0.405,0.3785,1,0.6126,0.805,0.4034,0.5255,0.595252903421871,1.09435699453906,2.49833182835029,0.83098441244373,0.450877443126302,1.4565535442441,0.81310648417256,0.476445470212256
taga1270__nucl1301,1,480,24,22,39,3,4,83,1,Philippines,taga1270,nucl1301,0.5671,0.405,0.332,1,0.6419,0.6336,0.39,0.4247,0.171981439867832,1.09435699453906,2.05948003601103,0.83098441244373,0.769939550430406,-0.186186225284538,0.66609462305463,-0.894553780212885
cent2194__stan1295,3,487.666666666667,20,26,26.6666666666667,1.66666666666667,2.66666666666667,49,0.333333333333333,Morocco,cent2194,stan1295,0.5259,0.405,0.0883,1,0.563,0.4278,0.3931,0.5422,-0.353283147434169,1.09435699453906,-0.24048086276487,0.83098441244373,-0.0892413460301333,-2.1586240582425,0.700104829731166,0.703585226979121
cent2194__stan1290,214,495.920560747664,20,26,26.588785046729,4,3.26635514018692,53.7102803738318,0.214953271028037,Morocco,cent2194,stan1290,0.5698,0.405,0.0712,1,0.5929,0.6418,0.3931,0.5392,0.206404119132768,1.09435699453906,-0.401865070270277,0.83098441244373,0.236354456304089,-0.107595407839177,0.700104829731166,0.662781677859325
cent2194__stan1288,11,497.363636363636,20,26,24.8181818181818,5.18181818181818,3.45454545454545,51.5454545454546,0.0909090909090909,Morocco,cent2194,stan1288,0.4853,0.405,0.0356,1,0.4646,0.4546,0.4208,0.5505,-0.870898250455074,1.09435699453906,-0.737846227416038,0.83098441244373,-1.16076733096951,-1.90176626464059,1.00400248293763,0.816475046210556
cent2194__stan1293,29,508.379310344828,20,26,22.2758620689655,6.62068965517241,3.20689655172414,54.3103448275862,0.103448275862069,Morocco,cent2194,stan1293,0.6331,0.4404,0.0921,1,0.6608,0.7012,0.409,0.5804,1.01342471078851,1.32146578966645,-0.204617705541446,0.83098441244373,0.975750943879128,0.461708806338193,0.874544276878561,1.22315041910452
cent2194__dutc1256,3,498.333333333333,20,26,21,13.6666666666667,2,72,0.333333333333333,Morocco,cent2194,dutc1256,0.5851,0.405,0.0908,1,0.6529,0.5975,0.3931,0.5145,0.401465968300744,1.09435699453906,-0.216886680381038,0.83098441244373,0.889723959315905,-0.532177506964724,0.700104829731166,0.326832456773005
cent2194__dani1285,3,511.666666666667,20,26,24.6666666666667,6,3.33333333333333,74,0.333333333333333,Morocco,cent2194,dani1285,0.5773,0.4404,0.1069,1,0.6026,0.6836,0.409,0.5122,0.302022672646483,1.32146578966645,-0.0649401458291633,0.83098441244373,0.341982525957666,0.293026076211564,0.874544276878561,0.295549735781162
cent2194__cent2194,2,525,20,26,9.5,12,3,101.5,1,Netherlands,cent2194,cent2194,0,0,0,0,0,0,0,0,-7.05805611981579,-1.50392159378278,-1.0738273845618,-4.64935151707962,-6.22002518262434,-6.25876450984315,-3.61260879754184,-6.67097621727199
tami1289__stan1293,25,519.44,21,24,30.68,5.12,3.32,56.52,0.8,India,tami1289,stan1293,0.6448,0.6215,0.3158,1,0.7386,0.6854,0.2677,0.5014,1.16258965426991,2.48331332632099,1.9065897341638,0.83098441244373,1.82295339945112,0.310277719065424,-0.675662885506775,0.148656958949896
tami1289__stan1290,2,477,21,24,28,5,3.5,49,0,Morocco,tami1289,stan1290,0.6457,0.6022,0.3083,1,0.7456,0.5884,0.4498,0.5776,1.17406388069155,2.35949412445775,1.8358071870123,0.83098441244373,1.89917984146916,-0.619394145837015,1.32216248087942,1.18506710659271
thai1261__stan1293,230,488.508695652174,20,18,26.7608695652174,3.50434782608696,3.3,70.4826086956522,0.882608695652174,Thailand,thai1261,stan1293,0.5967,0.6502,0.3501,1,0.6522,0.7977,0.427,0.4147,0.549355997735289,2.66743825344404,2.23030191646997,0.83098441244373,0.8821013151141,1.38658854822567,1.07202289629071,-1.0305656106122
thai1261__stan1295,2,482.5,20,18,30.5,5.5,4,70,1,Thailand,thai1261,stan1295,0.5563,0.6327,0.3253,1,0.5875,0.7342,0.4835,0.4666,0.0342907228080839,2.55516695641779,1.99624762722236,0.83098441244373,0.177551201033026,0.77798892532562,1.6918863405566,-0.324664210839736
thai1261__stan1290,3,529.666666666667,20,18,24,2,3.66666666666667,70,1,Thailand,thai1261,stan1290,0.5876,0.6327,0.3488,1,0.6049,0.8245,0.554,0.4674,0.433338819471983,2.55516695641779,2.21803294163038,0.83098441244373,0.367028356906452,1.64344634182758,2.46534426658751,-0.31378326440779
thai1261__ital1282,1,304,20,18,19,1,3,70,1,Thailand,thai1261,ital1282,0.5888,0.6327,0.3277,1,0.5844,0.8278,0.4477,0.4905,0.448637788034177,2.55516695641779,2.01889804231084,0.83098441244373,0.143793776710749,1.67507435372632,1.29912330861467,0.000404063814637998
thai1261__stan1306,1,504,20,18,26,2,3,69,1,Malaysia,thai1261,stan1306,0.5156,0.658,0.0509,1,0.4876,0.656,0.39,0.5199,-0.484599294259671,2.71747917440431,-0.59344983122699,0.83098441244373,-0.910309021481648,0.0285008857857158,0.66609462305463,0.400278845188638
thai1261__dutc1256,1,472,20,18,13,13,1,70,0,Thailand,thai1261,dutc1256,0.5865,0.6327,0.3392,1,0.6312,0.754,0.4835,0.4799,0.419314764956638,2.55516695641779,2.12743128127646,0.83098441244373,0.653421989059965,0.967756996718077,1.6918863405566,-0.143768476408641
thai1261__mand1415,1,468,20,18,25,2,3,67,1,Taiwan,thai1261,mand1415,0.5756,0.658,0.1314,1,0.5701,0.641,0.4576,0.5984,0.280349133850041,2.71747917440431,0.166282841532386,0.83098441244373,-0.0119259548404006,-0.115262804663115,1.40773654929135,1.4679717138233
tigr1271__stan1293,47,492.191489361702,17,25,24.7234042553192,7.02127659574468,2.8936170212766,30.9148936170213,0.340425531914894,Eritrea,tigr1271,stan1293,0.6229,0.5933,0.2148,1,0.6798,0.6764,0.409,0.5229,0.883383478009863,2.30239615054154,0.953384765857005,0.83098441244373,1.18265128649954,0.224019504796125,0.874544276878561,0.441082394308434
tigr1271__ital1282,2,512.5,17,25,24,17,3,30,0.5,Eritrea,tigr1271,ital1282,0.5409,0.572,0.1593,1,0.5862,0.5848,0.319,0.4608,-0.162046040406741,2.16574594330387,0.429593916935946,0.83098441244373,0.163394861801103,-0.653897431544735,-0.112848820182163,-0.403551072471341
tigr1271__stan1295,1,558,17,25,29,2,4,30,1,Eritrea,tigr1271,stan1295,0.5061,0.572,0.1766,1,0.5399,0.4726,0.3931,0.4997,-0.605716128710374,2.16574594330387,0.59286565903206,0.83098441244373,-0.340788604689681,-1.72924983610199,0.700104829731166,0.125534947782012
tigr1271__stan1290,1,481,17,25,55,8,4,25,1,Ethiopia,tigr1271,stan1290,0.5404,0.572,0.1967,1,0.5975,0.5392,0.3931,0.5,-0.16842061064099,2.16574594330387,0.782562885398065,0.83098441244373,0.286446118201662,-1.09093905050918,0.700104829731166,0.129615302693992
nucl1301__stan1295,199,521.718592964824,8,20,23.8994974874372,4.95979899497487,2.84422110552764,87.070351758794,0.542713567839196,Turkey,nucl1301,stan1295,0.5154,0,0.0773,1,0.6127,0.4596,0.3064,0.418,-0.48714912235337,-1.50392159378278,-0.344295265253729,0.83098441244373,0.451966392297988,-1.85384503449098,-0.251083853770664,-0.985681706580429
nucl1301__dutc1256,24,494.416666666667,8,20,24.0833333333333,6.625,2.70833333333333,84.0833333333333,0.583333333333333,Turkey,nucl1301,dutc1256,0.5674,0,0.1027,1,0.6618,0.5779,0.3064,0.4527,0.17580618200838,-1.50392159378278,-0.104578372234,0.83098441244373,0.986640435595991,-0.720028729151197,-0.251083853770664,-0.51372065509479
nucl1301__stan1293,999,509.441441441441,8,20,24.0730730730731,3.7957957957958,3.14014014014014,84.1341341341341,0.444444444444444,Turkey,nucl1301,stan1293,0.6476,0.1864,0.1194,1,0.7119,0.7323,0.3277,0.5183,1.19828724758169,-0.30807189288601,0.0530307660899944,0.83098441244373,1.53220397061086,0.759778857868768,-0.0174008207996264,0.378516952324746
nucl1301__nucl1301,25,498.48,8,20,23.4,8.6,2.68,83.28,0.48,Turkey,nucl1301,nucl1301,0,0,0,0,0,0,0,0,-7.05805611981579,-1.50392159378278,-1.0738273845618,-4.64935151707962,-6.22002518262434,-6.25876450984315,-3.61260879754184,-6.67097621727199
nucl1301__nucl1235,2,525,8,20,25.5,1.5,3.5,79,1,Turkey,nucl1301,nucl1235,0.4979,0.195,0.0426,1,0.5232,0.4407,0.4034,0.4963,-0.710259080552035,-0.252898569775966,-0.67178251674131,0.83098441244373,-0.522643116361304,-2.0349872844565,0.81310648417256,0.0792909254462438
nucl1301__stan1290,39,494.512820512821,8,20,23.8461538461538,6.25641025641026,2.92307692307692,86.6666666666667,0.641025641025641,Turkey,nucl1301,stan1290,0.5677,0,0.1063,1,0.6588,0.5354,0.3064,0.4955,0.179630924148929,-1.50392159378278,-0.0706027496012828,0.83098441244373,0.9539719604454,-1.12735918542288,-0.251083853770664,0.0684099790142979
nucl1301__russ1263,5,495.2,8,20,27.2,2.6,2.8,88.8,0.2,Azerbaijan,nucl1301,russ1263,0.5746,0.3498,0.1346,1,0.6398,0.5519,0.2736,0.5124,0.267599993381546,0.740221246204827,0.19648339498369,0.83098441244373,0.747071617824992,-0.969219125929171,-0.610933782477239,0.298269972389148
nucl1301__kurd1259,35,500.028571428571,8,20,22.2857142857143,5.94285714285714,2.74285714285714,79,0.428571428571429,Turkey,nucl1301,kurd1259,0.535,0.3776,0.0502,1,0.5952,0.4632,0.4034,0.5051,-0.237265969170863,0.918572220909388,-0.600056202294462,0.83098441244373,0.261400287252875,-1.81934174878326,0.81310648417256,0.198981336197645
nucl1301__bulg1262,4,504.75,8,20,23.5,3,3,90,0.75,Bulgaria,nucl1301,bulg1262,0.5369,0,0.0312,1,0.6082,0.5062,0.195,0.4912,-0.213042602280722,-1.50392159378278,-0.779371988411582,0.83098441244373,0.402963679572102,-1.40721916949661,-1.4732570872436,0.00992489194259083
nucl1301__dani1285,3,515.666666666667,8,20,20,2.66666666666667,3,109,1,Denmark,nucl1301,dani1285,0.5813,0.1864,0.0983,1,0.6466,0.6861,0.3277,0.4433,0.353019234520464,-0.30807189288601,-0.146104133229544,0.83098441244373,0.821120161499664,0.31698669128637,-0.0174008207996264,-0.64157177567015
nucl1301__swed1254,2,537,8,20,25.5,2.5,2.5,79,1,Turkey,nucl1301,swed1254,0.5701,0.1864,0.1005,1,0.6493,0.6108,0.2566,0.4765,0.210228861273318,-0.30807189288601,-0.125341252731772,0.83098441244373,0.850521789135196,-0.404707034766761,-0.797441367477598,-0.19001249874441
nucl1301__stan1288,2,531.5,8,20,18,19.5,1.5,79,0.5,Turkey,nucl1301,stan1288,0.5503,0,0.1167,1,0.5997,0.448,0.3433,0.5608,-0.0422041200028872,-1.50392159378278,0.0275490491154563,0.83098441244373,0.310402999978761,-1.96502228843807,0.153747316024232,0.956567231521855
nucl1301__roma1327,1,488,8,20,41,3,3,86,1,Romania,nucl1301,roma1327,0.5224,0,0.0415,1,0.5694,0.5295,0.195,0.4882,-0.397905139073903,-1.50392159378278,-0.682163956990196,0.83098441244373,-0.0195485990422055,-1.18390623699943,-1.4732570872436,-0.0308786571772051
nucl1301__czec1258,1,448,8,20,25,1,1,79,0,Turkey,nucl1301,czec1258,0.5177,0,0.0731,1,0.5886,0.5439,0.195,0.4197,-0.45782609927583,-1.50392159378278,-0.383933491658566,0.83098441244373,0.189529641921576,-1.04589309416855,-1.4732570872436,-0.962559695412545
nucl1301__ital1282,2,530,8,20,24.5,8.5,3,79,0.5,Turkey,nucl1301,ital1282,0.5629,0,0.0704,1,0.5922,0.6326,0.195,0.5168,0.118435049900151,-1.50392159378278,-0.409415208633104,0.83098441244373,0.228731812102284,-0.19577047131446,-1.4732570872436,0.358115177764849
nucl1301__serb1264,1,513,8,20,6,26,3,85,1,Yugoslavia,nucl1301,serb1264,0.5493,0,0.0424,1,0.6142,0.5872,0.195,0.456,-0.0549532604713824,-1.50392159378278,-0.673670051332017,0.83098441244373,0.468300629873283,-0.630895241072921,-1.4732570872436,-0.468836751063014
nucl1301__port1283,2,496,8,20,11.5,10.5,3,98.5,0.5,Netherlands,nucl1301,port1283,0.5471,0,0.1256,1,0.5894,0.6326,0.2736,0.4672,-0.0830013695020716,-1.50392159378278,0.111544338401896,0.83098441244373,0.198241235295067,-0.19577047131446,-0.610933782477239,-0.316503501015777
nucl1301__nucl1302,1,456,8,20,32,6,3,79,0,Turkey,nucl1301,nucl1302,0.5632,0.2804,0.0457,1,0.5428,0.6399,0.4576,0.5608,0.122259792040701,0.294985359712146,-0.642525730585359,0.83098441244373,-0.309209078710778,-0.125805475296029,1.40773654929135,0.956567231521855
nucl1301__nucl1643,1,525,8,20,26,2,4,79,1,Turkey,nucl1301,nucl1643,0.537,0.3455,0.3188,1,0.5582,0.5143,0.5348,0.5151,-0.211767688233873,0.712634584649805,1.9349027530244,0.83098441244373,-0.141510906271078,-1.32958677665424,2.25470040588122,0.334993166596964
ukra1253__stan1293,119,519.714285714286,20,22,25.9159663865546,2.88235294117647,3.13559322033898,91.1176470588235,0.840336134453782,Ukraine,ukra1253,stan1293,0.5559,0.3918,0.0762,0.9047,0.5803,0.6774,0.2677,0.4661,0.029191066620685,1.00967235906783,-0.354676705502614,0.308708398360154,0.099146860671608,0.233603750826047,-0.675662885506775,-0.331464802359702
ukra1253__russ1263,173,516.676300578035,20,22,27.6878612716763,2.91907514450867,3.10982658959538,90.7052023121387,0.901734104046243,USSR,ukra1253,russ1263,0.3813,0,0.1354,0.2952,0.3578,0.4565,0.195,0.385,-2.19680885917857,-1.50392159378278,0.204033533346516,-3.03155635068433,-2.32376504633054,-1.88355619718373,-1.4732570872436,-1.43452074689818
ukra1253__stan1295,14,524.642857142857,20,22,26.5,2.5,3.07142857142857,90.7142857142857,0.857142857142857,USSR,ukra1253,stan1295,0.4506,0.3498,0.0363,0.8831,0.4366,0.4884,0.359,0.4605,-1.31329342471186,0.740221246204827,-0.731239856348566,0.19033314228245,-1.46567309904169,-1.57781874882922,0.32599255628927,-0.407631427383321
ukra1253__poli1260,7,511.857142857143,20,22,26.2857142857143,3.42857142857143,3.42857142857143,91.1428571428571,0.714285714285714,Ukraine,ukra1253,poli1260,0.4608,0.3498,0.0239,0.5903,0.4477,0.5552,0.195,0.4504,-1.18325219193321,0.740221246204827,-0.84826700097237,-1.41430921788199,-1.34479974098451,-0.937591114030427,-1.4732570872436,-0.545003376086633
ukra1253__ukra1253,3,555.333333333333,20,22,22.3333333333333,2.66666666666667,3.33333333333333,90,1,USSR,ukra1253,ukra1253,0,0,0,0,0,0,0,0,-7.05805611981579,-1.50392159378278,-1.0738273845618,-4.64935151707962,-6.22002518262434,-6.25876450984315,-3.61260879754184,-6.67097621727199
ukra1253__serb1264,1,527,20,22,33,4,3,90,1,USSR,ukra1253,serb1264,0.4025,0.3498,0.0193,0.6614,0.4178,0.4014,0,0.4263,-1.92652708124647,0.740221246204827,-0.89168029655862,-1.02465733329288,-1.67039554331873,-2.41164815343244,-3.61260879754184,-0.872791887348994
ukra1253__roma1326,1,590,20,22,30,2,3,90,1,USSR,ukra1253,roma1326,0.4373,0.3498,0.0453,0.9139,0.4783,0.5132,0.195,0.3344,-1.48285699294284,0.740221246204827,-0.646300799766772,0.35912748891177,-1.01158129444848,-1.34012944728715,-1.4732570872436,-2.12274060871874
ukra1253__ital1282,1,522,20,22,26,1,3,92,1,Ukraine,ukra1253,ital1282,0.4265,0.3498,0.0442,0.9047,0.4651,0.4322,0,0.3926,-1.62054771000259,0.740221246204827,-0.656682240015658,0.308708398360154,-1.15532258511108,-2.11645337571084,-3.61260879754184,-1.3311517557947
ukra1253__stan1290,1,493,20,22,36,2,4,92,1,Ukraine,ukra1253,stan1290,0.4708,0.3498,0.068,0.9176,0.4908,0.4554,0.359,0.4596,-1.05576078724825,0.740221246204827,-0.432065623721582,0.379404731851006,-0.875462647987684,-1.89409886781665,0.32599255628927,-0.419872492119259
urdu1245__stan1293,113,504.628318584071,13,21,23.5752212389381,6.39823008849558,2.97345132743363,38,0.407079646017699,Pakistan,urdu1245,stan1293,0.6267,0.4973,0.2475,0.9196,0.6938,0.6962,0.4601,0.4923,0.931830211790145,1.68650789256896,1.26199667143752,0.390365403710053,1.33510417053563,0.413787576188583,1.43516413532082,0.0248861932865159
urdu1245__stan1290,3,481,13,21,27.3333333333333,3.33333333333333,3.33333333333333,23.6666666666667,0,Pakistan,urdu1245,stan1290,0.5897,0.4681,0.2398,0.9304,0.6565,0.625,0.439,0.5194,0.460112014455823,1.49917521410229,1.18932658969532,0.449553031748905,0.928926129496613,-0.268610741141868,1.20367530923214,0.393478253668672
urdu1245__stan1295,3,541.666666666667,13,21,16.3333333333333,10,2.66666666666667,78.3333333333333,0.333333333333333,Germany,urdu1245,stan1295,0.5351,0.4681,0.2122,0.9014,0.5866,0.4804,0.439,0.5018,-0.235991055124014,1.49917521410229,0.928846816177821,0.290623289792728,0.167750658487848,-1.6544927170686,1.20367530923214,0.15409743216587
urdu1245__urdu1245,1,499,13,21,23,23,3,29,1,Pakistan,urdu1245,urdu1245,0,0,0,0,0,0,0,0,-7.05805611981579,-1.50392159378278,-1.0738273845618,-4.64935151707962,-6.22002518262434,-6.25876450984315,-3.61260879754184,-6.67097621727199
urdu1245__swed1254,1,544,13,21,20,1,3,29,1,Pakistan,urdu1245,swed1254,0.5888,0.4973,0.2134,0.9014,0.6307,0.6931,0.4878,0.5187,0.448637788034177,1.68650789256896,0.94017202372206,0.290623289792728,0.647977243201533,0.384076413495824,1.73906178852728,0.38395742554072
viet1252__stan1293,114,494.175438596491,17,19,26,5.28070175438597,3.19298245614035,67,0.780701754385965,Vietnam,viet1252,stan1293,0.6432,0.3881,0.3502,1,0.6943,0.9078,0.439,0.4769,1.14219102952031,0.98593499912514,2.23124568376532,0.83098441244373,1.34054891639406,2.44181403612009,1.20367530923214,-0.184572025528437
viet1252__stan1295,2,493.5,17,19,35.5,1,3.5,67,0.5,Vietnam,viet1252,stan1295,0.5909,0.3455,0.3282,1,0.6366,0.88,0.4935,0.4679,0.475410983018017,0.712634584649805,2.0236168787876,0.83098441244373,0.712225244331029,2.17537199648826,1.80159668467446,-0.306982672887825
viet1252__czec1258,5,476.6,17,19,26,4.4,2.4,67,0,Vietnam,viet1252,czec1258,0.6741,0.3455,0.3213,1,0.7319,0.9063,0.4498,0.5092,1.53613946999682,0.712634584649805,1.95849693540823,0.83098441244373,1.74999380494813,2.42743766707521,1.32216248087942,0.254746186661366
viet1252__stan1290,5,484,17,19,26.6,8,2.8,67,0.6,Vietnam,viet1252,stan1290,0.625,0.3455,0.3511,1,0.667,0.8995,0.5555,0.4874,0.910156672993703,0.712634584649805,2.2397395894235,0.83098441244373,1.04326579252368,2.36226479407174,2.48180081820518,-0.041759603609151
viet1252__dutc1256,4,479,17,19,26,5.25,2.5,67,1,Vietnam,viet1252,dutc1256,0.6081,0.3455,0.3402,1,0.6662,0.8886,0.4935,0.464,0.694696199076134,0.712634584649805,2.13686895422999,0.83098441244373,1.03455419915019,2.25779651234559,1.80159668467446,-0.360027286743559
viet1252__russ1263,3,508.333333333333,17,19,26.6666666666667,7.33333333333333,3,67,0.333333333333333,Vietnam,viet1252,russ1263,0.6684,0.4788,0.1953,1,0.6525,0.8743,0.4835,0.5868,1.46346936932639,1.56782109285549,0.76935014326312,0.83098441244373,0.885368162629159,2.1207417941177,1.6918863405566,1.31019799056009
viet1252__mand1415,3,485.666666666667,17,19,21.6666666666667,3.33333333333333,3,67,0.666666666666667,Vietnam,viet1252,mand1415,0.6213,0.5922,0.1047,1,0.6303,0.8003,0.4685,0.6157,0.86298485326027,2.2953390975856,-0.085703026326935,0.83098441244373,0.643621446514787,1.41150758790347,1.52732082437982,1.70327218041412
nucl1347__stan1290,17,501.764705882353,16,16,28,2.41176470588235,3.29411764705882,23,0.117647058823529,Senegal,nucl1347,stan1290,0.5074,0.3776,0.1596,1,0.5192,0.6802,0.3021,0.4291,-0.589142246101331,0.918572220909388,0.432425218822005,0.83098441244373,-0.566201083228758,0.260439639709829,-0.298259301741343,-0.834708574837185
yoru1245__stan1293,23,488.95652173913,25,22,29.3478260869565,5.60869565217391,3.17391304347826,35,0.173913043478261,Nigeria,yoru1245,stan1293,0.6545,0.4161,0.2026,1,0.6745,0.9496,0.5587,0.5093,1.28625631681431,1.16556907436714,0.838245155823908,0.83098441244373,1.12493698040016,2.84243552017083,2.5169081283229,0.256106304965359
